{"ite": [0, 1, 2, 3, 4, 5, 6, 7, 8, 9, 10, 11, 12, 13, 14, 15, 16, 17, 18, 19], "inite": [0, 2, 3, 9, 5000, 334, 168, 69, 206, 299, 62, 267, 450, 611, 812, 886, 941, 1016, 980, 869], "dtype": ["None", "GRD", "TER", "TER", "MAX", "TER", "TER", "TER", "TER", "TER", "TER", "TER", "TER", "TER", "TER", "TER", "TER", "TER", "TER", "TER"], "orcs": [0, 9, 21, 51, 15054, 16059, 16566, 16776, 17397, 18297, 18486, 19290, 20643, 22479, 24918, 27579, 30405, 33456, 36399, 39009], "time": [0, 0.010238170623779297, 0.021000146865844727, 0.04946184158325195, 18.06841778755188, 19.014047145843506, 19.485674381256104, 19.68105125427246, 20.260483503341675, 21.10616111755371, 21.27948021888733, 22.032569408416748, 23.312709093093872, 25.063175201416016, 27.40423583984375, 29.971944093704224, 32.700278520584106, 35.659383058547974, 38.506036043167114, 41.021416425704956], "f": [2.39789527279837, 1.8054733017785594, 1.0357531407991993, 0.5465086078091566, 0.34487081963878585, 0.2685197263423382, 0.23538210197806003, 0.22343775690221715, 0.21707953826585719, 0.2145834185229482, 0.2143505685837151, 0.21372755741562358, 0.2131340937082547, 0.21280879888848467, 0.21261673147378177, 0.21257047096207957, 0.21256257384713478, 0.21256149324522255, 0.21256134954008632, 0.21256133222633194], "g_norm": [17.155111688311656, 18.41389175435662, 7.6163812943790115, 2.227124010837967, 0.8160213316588683, 0.3648371377894479, 0.16105148247862958, 0.06531996489943483, 0.0444220946439462, 0.023049534125929513, 0.002797948781907385, 0.010655809231056232, 0.0070370298720416145, 0.003724618228637084, 0.001840973906137889, 0.00048677503560361614, 0.00011101361548418086, 1.580616354456119e-05, 3.6014269479910785e-06, 4.5700216814680516e-07], "alpha": [0, 1, 1, 1, 1, 1, 1, 1, 1, 1, 1, 1, 1, 1, 1, 1, 1, 1, 1, 1], "acc": [0, 0.0, 0.0, 0.0, 0.0, 0.0, 0.0, 0.0, 0.0, 0.0, 0.0, 0.0, 0.0, 0.0, 0.0, 0.0, 0.0, 0.0, 0.0, 0.0]}