{"ite": [0, 1, 2, 3, 4, 5, 6, 7, 8, 9, 10, 11, 12, 13, 14, 15, 16, 17, 18, 19, 20, 21, 22, 23], "inite": [0, 2, 9, 5000, 512, 232, 138, 81, 149, 140, 62, 396, 74, 281, 514, 72, 748, 1024, 1403, 1336, 1425, 1111, 1, 947], "dtype": ["None", "GRD", "TER", "MAX", "TER", "TER", "TER", "TER", "TER", "TER", "TER", "TER", "TER", "TER", "TER", "TER", "TER", "TER", "TER", "TER", "TER", "TER", "GRD", "TER"], "orcs": [0, 9, 39, 15042, 16581, 17280, 17697, 17943, 18393, 18816, 19005, 20196, 20421, 21267, 22812, 23031, 25278, 28353, 32565, 36576, 40854, 44190, 44196, 47040], "time": [0, 0.007844686508178711, 0.034574270248413086, 18.76484966278076, 20.295765161514282, 20.977830410003662, 21.382147550582886, 21.619128465652466, 22.05539631843567, 22.466615200042725, 22.64869999885559, 23.826591730117798, 24.042439222335815, 24.87230920791626, 26.405139207839966, 26.615731477737427, 28.884686708450317, 32.01297068595886, 36.387935638427734, 40.547613859176636, 45.00506567955017, 48.418402671813965, 48.42316126823425, 51.30864095687866], "f": [2.39789527279837, 1.8054733017785594, 0.6374229396386181, 0.36592980326095176, 0.2849511017924654, 0.24614592260354187, 0.22779466271568988, 0.2217901469756156, 0.21872076648378883, 0.21773236571556417, 0.21748347121237668, 0.21511004974941061, 0.21447856816352223, 0.21383822060706614, 0.21312525948267724, 0.21297690225992008, 0.21270023087701312, 0.21258054301621204, 0.21256463268367354, 0.21256175035348812, 0.2125613613783724, 0.21256133067575303, 0.21256133067573815, 0.21256132998082383], "g_norm": [17.155111688311656, 18.41389175435662, 5.2072735391272404, 1.5080873477847585, 0.5908231256843989, 0.24724291815452476, 0.0996424863253432, 0.0670441634123257, 0.025005547373140917, 0.021419299539941976, 0.007584871058883431, 0.047162023759814486, 0.009336712330523552, 0.018548994769893266, 0.013246056038246072, 0.0036631782860505543, 0.006448129477245171, 0.0017994287146664183, 0.0004094803786237288, 0.00011245130234697546, 2.3509976708295308e-05, 2.21272236803408e-06, 2.064524739638947e-06, 5.75262328662155e-08], "alpha": [0, 1, 1, 1, 1, 1, 1, 1, 1, 1, 1, 1, 1, 1, 1, 1, 1, 1, 1, 1, 1, 1, 1, 1], "acc": [0, 0.0, 0.0, 0.0, 0.0, 0.0, 0.0, 0.0, 0.0, 0.0, 0.0, 0.0, 0.0, 0.0, 0.0, 0.0, 0.0, 0.0, 0.0, 0.0, 0.0, 0.0, 0.0, 0.0]}