
******************************************
               Running on cuda:0 
******************************************
Regulariser          :                 None
Dataset              :             CIFAR100
Downloading https://www.cs.toronto.edu/~kriz/cifar-100-python.tar.gz to ./cifar-100-python.tar.gz
Extracting ./cifar-100-python.tar.gz to ./
Files already downloaded and verified
Data size            :        (10000, 3072)
Classes              :         (10000, 100)
No. Samples          :                10000
Dimensions           :               307200
x0                   :              uniform
Algorithm            :     FaithfulNewtonCR
..............................................................................................................................
     ite     |    inite    |    dtype    |    orcs     |    time     |      f      |   g_norm    |    alpha    |     acc     
..............................................................................................................................
      0      |      0      |    None     |      0      |    0.00     | 5.0583e+01  | 5.8957e+01  |  0.00e+00   |    0.00     
      1      |     25      |     FTH     |     58      |    0.10     | 3.6847e+01  | 3.2911e+01  |  1.00e+00   |    0.00     
      2      |     25      |     FTH     |     116     |    0.12     | 2.9164e+01  | 1.0677e+01  |  1.00e+00   |    0.00     
      3      |     25      |     FTH     |     174     |    0.15     | 2.5203e+01  | 7.5377e+00  |  1.00e+00   |    0.00     
      4      |      5      |     UNF     |     189     |    0.15     | 2.1330e+01  | 1.3198e+01  |  5.00e-01   |    0.00     
      5      |     25      |     FTH     |     247     |    0.17     | 1.9568e+01  | 1.1666e+01  |  1.00e+00   |    0.00     
      6      |     25      |     FTH     |     305     |    0.19     | 1.8585e+01  | 6.6556e+00  |  1.00e+00   |    0.00     
      7      |     25      |     FTH     |     364     |    0.22     | 1.5166e+01  | 1.4680e+01  |  1.00e+00   |    0.00     
      8      |     25      |     FTH     |     422     |    0.24     | 1.3615e+01  | 3.5596e+00  |  1.00e+00   |    0.00     
      9      |     25      |     FTH     |     481     |    0.26     | 1.1357e+01  | 1.9378e+01  |  1.00e+00   |    0.00     
     10      |     25      |     FTH     |     539     |    0.28     | 9.3447e+00  | 1.7919e+00  |  1.00e+00   |    0.00     
     11      |     45      |     FTH     |     638     |    0.32     | 6.6433e+00  | 7.1060e+00  |  1.00e+00   |    0.00     
     12      |      5      |     UNF     |     652     |    0.32     | 6.3897e+00  | 1.4602e+00  |  1.00e+00   |    0.00     
     13      |     65      |     FTH     |     793     |    0.38     | 4.1232e+00  | 4.2384e+00  |  1.00e+00   |    0.00     
     14      |      5      |     UNF     |     807     |    0.38     | 3.9027e+00  | 3.9245e+00  |  1.00e+00   |    0.00     
     15      |     25      |     FTH     |     866     |    0.40     | 3.3298e+00  | 2.9790e+00  |  1.00e+00   |    0.00     
     16      |      5      |     UNF     |     880     |    0.41     | 3.2840e+00  | 8.0825e-01  |  1.00e+00   |    0.00     
     17      |     105     |     FTH     |    1102     |    0.49     | 1.7835e+00  | 1.5099e+00  |  1.00e+00   |    0.00     
     18      |     25      |     FTH     |    1160     |    0.51     | 1.3826e+00  | 7.5750e-01  |  1.00e+00   |    0.00     
     19      |     45      |     FTH     |    1260     |    0.55     | 1.0955e+00  | 2.3489e-01  |  1.00e+00   |    0.00     
     20      |     85      |     FTH     |    1441     |    0.62     | 7.2304e-01  | 1.0646e-01  |  1.00e+00   |    0.00     
     21      |     125     |     FTH     |    1704     |    0.72     | 3.3668e-01  | 1.1253e-01  |  1.00e+00   |    0.00     
     22      |     45      |     FTH     |    1804     |    0.76     | 3.1222e-01  | 4.6257e-02  |  1.00e+00   |    0.00     
     23      |     245     |     FTH     |    2313     |    0.95     | 9.8213e-02  | 1.3042e-01  |  1.00e+00   |    0.00     
     24      |     25      |     FTH     |    2372     |    0.97     | 9.3135e-02  | 2.5046e-02  |  1.00e+00   |    0.00     
     25      |     205     |     FTH     |    2800     |    1.13     | 4.7749e-02  | 2.3745e-02  |  1.00e+00   |    0.00     
     26      |     65      |     FTH     |    2940     |    1.18     | 4.4790e-02  | 6.0964e-03  |  1.00e+00   |    0.00     
     27      |     225     |     FTH     |    3409     |    1.36     | 1.7399e-02  | 5.2914e-03  |  1.00e+00   |    0.00     
     28      |     165     |     FTH     |    3755     |    1.49     | 8.5872e-03  | 2.6458e-03  |  1.00e+00   |    0.00     
     29      |     165     |     FTH     |    4101     |    1.62     | 3.7576e-03  | 1.4884e-03  |  1.00e+00   |    0.00     
     30      |     145     |     FTH     |    4406     |    1.73     | 1.9391e-03  | 6.5338e-04  |  1.00e+00   |    0.00     
     31      |     185     |     FTH     |    4792     |    1.88     | 8.5070e-04  | 2.7451e-04  |  1.00e+00   |    0.00     
     32      |     165     |     FTH     |    5137     |    2.01     | 3.8365e-04  | 1.1238e-04  |  1.00e+00   |    0.00     
     33      |     185     |     FTH     |    5524     |    2.15     | 1.7151e-04  | 4.4496e-05  |  1.00e+00   |    0.00     
     34      |     185     |     FTH     |    5911     |    2.30     | 7.4759e-05  | 1.7227e-05  |  1.00e+00   |    0.00     
     35      |     205     |     FTH     |    6339     |    2.46     | 3.0326e-05  | 6.6624e-06  |  1.00e+00   |    0.00     
     36      |     185     |     FTH     |    6725     |    2.60     | 1.2064e-05  | 2.5070e-06  |  1.00e+00   |    0.00     
     37      |     185     |     FTH     |    7112     |    2.75     | 5.0632e-06  | 9.7567e-07  |  1.00e+00   |    0.00     

******************************************
               Running on cuda:0 
******************************************
Regulariser          :                 None
Dataset              :             CIFAR100
Files already downloaded and verified
Files already downloaded and verified
Data size            :        (10000, 3072)
Classes              :         (10000, 100)
No. Samples          :                10000
Dimensions           :               307200
x0                   :              uniform
Algorithm            : FaithfulNewtonCR-reg
..............................................................................................................................
     ite     |    inite    |    dtype    |    orcs     |    time     |      f      |   g_norm    |    alpha    |     acc     
..............................................................................................................................
      0      |      0      |    None     |      0      |    0.00     | 5.0583e+01  | 5.8957e+01  |  0.00e+00   |    0.00     
      1      |     25      |     FTH     |     58      |    0.03     | 4.0161e+01  | 3.1785e+01  |  1.00e+00   |    0.00     
      2      |     25      |     FTH     |     116     |    0.05     | 3.5010e+01  | 2.3429e+01  |  1.00e+00   |    0.00     
      3      |     25      |     FTH     |     174     |    0.07     | 3.0385e+01  | 3.4929e+01  |  1.00e+00   |    0.00     
      4      |     25      |     FTH     |     232     |    0.10     | 2.6830e+01  | 1.6702e+01  |  1.00e+00   |    0.00     
      5      |     25      |     FTH     |     291     |    0.12     | 2.5568e+01  | 2.5555e+01  |  1.00e+00   |    0.00     
      6      |     25      |     FTH     |     349     |    0.14     | 2.2733e+01  | 2.2933e+01  |  1.00e+00   |    0.00     
      7      |     25      |     FTH     |     407     |    0.16     | 2.1045e+01  | 3.5322e+01  |  1.00e+00   |    0.00     
      8      |     25      |     FTH     |     465     |    0.18     | 1.9099e+01  | 1.1294e+01  |  1.00e+00   |    0.00     
      9      |     25      |     FTH     |     523     |    0.21     | 1.7527e+01  | 2.7755e+01  |  1.00e+00   |    0.00     
     10      |      5      |     UNF     |     537     |    0.21     | 1.7279e+01  | 1.0171e+01  |  1.00e+00   |    0.00     
     11      |      5      |     UNF     |     552     |    0.22     | 1.5059e+01  | 8.1064e+00  |  5.00e-01   |    0.00     
     12      |     25      |     FTH     |     612     |    0.24     | 1.1778e+01  | 6.5528e+00  |  1.00e+00   |    0.00     
     13      |     25      |     FTH     |     672     |    0.26     | 1.1049e+01  | 4.7408e+00  |  1.00e+00   |    0.00     
     14      |     25      |     FTH     |     732     |    0.28     | 9.8137e+00  | 2.5173e+00  |  1.00e+00   |    0.00     
     15      |     25      |     FTH     |     793     |    0.31     | 8.4777e+00  | 6.4233e-01  |  1.00e+00   |    0.00     
     16      |     65      |     FTH     |     936     |    0.36     | 6.2864e+00  | 5.2186e+00  |  1.00e+00   |    0.00     
     17      |      5      |     UNF     |     950     |    0.36     | 5.9547e+00  | 1.2407e+01  |  1.00e+00   |    0.00     
     18      |     25      |     FTH     |    1009     |    0.39     | 5.5836e+00  | 1.9813e+00  |  1.00e+00   |    0.00     
     19      |     45      |     FTH     |    1109     |    0.42     | 3.8426e+00  | 1.1676e+01  |  1.00e+00   |    0.00     
     20      |      5      |     UNF     |    1123     |    0.43     | 3.6347e+00  | 3.4362e+00  |  1.00e+00   |    0.00     
     21      |     25      |     FTH     |    1182     |    0.45     | 3.3359e+00  | 8.2547e-01  |  1.00e+00   |    0.00     
     22      |     85      |     FTH     |    1365     |    0.52     | 2.1998e+00  | 1.1538e+00  |  1.00e+00   |    0.00     
     23      |     25      |     FTH     |    1424     |    0.54     | 2.0524e+00  | 2.9855e-01  |  1.00e+00   |    0.00     
     24      |     125     |     FTH     |    1689     |    0.64     | 1.0378e+00  | 6.3914e-01  |  1.00e+00   |    0.00     
     25      |     25      |     FTH     |    1748     |    0.67     | 9.6560e-01  | 1.8224e-01  |  1.00e+00   |    0.00     
     26      |     145     |     FTH     |    2053     |    0.78     | 5.5963e-01  | 6.1406e-01  |  1.00e+00   |    0.00     
     27      |     25      |     FTH     |    2112     |    0.80     | 5.2881e-01  | 1.7136e-01  |  1.00e+00   |    0.00     
     28      |     125     |     FTH     |    2376     |    0.90     | 3.4950e-01  | 2.6554e-01  |  1.00e+00   |    0.00     
     29      |     25      |     FTH     |    2435     |    0.93     | 3.4129e-01  | 5.9430e-02  |  1.00e+00   |    0.00     
     30      |     245     |     FTH     |    2945     |    1.12     | 1.2498e-01  | 1.1709e-01  |  1.00e+00   |    0.00     
     31      |     45      |     FTH     |    3045     |    1.16     | 1.1269e-01  | 3.7000e-02  |  1.00e+00   |    0.00     
     32      |     145     |     FTH     |    3350     |    1.27     | 8.3034e-02  | 3.0845e-02  |  1.00e+00   |    0.00     
     33      |     165     |     FTH     |    3696     |    1.40     | 5.1673e-02  | 2.4925e-02  |  1.00e+00   |    0.00     
     34      |     65      |     FTH     |    3838     |    1.46     | 4.9844e-02  | 6.0909e-02  |  1.00e+00   |    0.00     
     35      |     25      |     FTH     |    3897     |    1.48     | 4.8413e-02  | 1.9606e-02  |  1.00e+00   |    0.00     
     36      |     185     |     FTH     |    4285     |    1.62     | 2.6107e-02  | 4.4704e-02  |  1.00e+00   |    0.00     
     37      |     45      |     FTH     |    4386     |    1.66     | 2.4877e-02  | 5.0775e-02  |  1.00e+00   |    0.00     
     38      |     25      |     FTH     |    4445     |    1.69     | 2.4327e-02  | 1.7963e-02  |  1.00e+00   |    0.00     
     39      |     165     |     FTH     |    4791     |    1.82     | 1.7509e-02  | 2.9380e-02  |  1.00e+00   |    0.00     
     40      |     25      |     FTH     |    4850     |    1.84     | 1.7110e-02  | 6.1155e-02  |  1.00e+00   |    0.00     
     41      |     25      |     FTH     |    4910     |    1.86     | 1.6817e-02  | 1.8148e-02  |  1.00e+00   |    0.00     
     42      |     125     |     FTH     |    5174     |    1.96     | 1.4673e-02  | 4.2590e-03  |  1.00e+00   |    0.00     
     43      |     165     |     FTH     |    5521     |    2.09     | 6.2792e-03  | 1.7350e-03  |  1.00e+00   |    0.00     
     44      |     165     |     FTH     |    5868     |    2.22     | 2.9670e-03  | 8.8896e-04  |  1.00e+00   |    0.00     
     45      |     185     |     FTH     |    6255     |    2.37     | 1.3985e-03  | 4.1025e-04  |  1.00e+00   |    0.00     
     46      |     185     |     FTH     |    6642     |    2.52     | 6.6089e-04  | 1.6837e-04  |  1.00e+00   |    0.00     
     47      |     205     |     FTH     |    7071     |    2.68     | 3.1017e-04  | 6.9697e-05  |  1.00e+00   |    0.00     
     48      |     185     |     FTH     |    7458     |    2.83     | 1.4636e-04  | 2.7854e-05  |  1.00e+00   |    0.00     
     49      |     205     |     FTH     |    7886     |    2.99     | 6.9679e-05  | 1.1230e-05  |  1.00e+00   |    0.00     
     50      |     185     |     FTH     |    8273     |    3.13     | 3.3683e-05  | 4.5589e-06  |  1.00e+00   |    0.00     
     51      |     205     |     FTH     |    8701     |    3.30     | 1.6820e-05  | 1.8344e-06  |  1.00e+00   |    0.00     
     52      |     185     |     FTH     |    9088     |    3.44     | 8.6962e-06  | 7.8525e-07  |  1.00e+00   |    0.00     

******************************************
               Running on cuda:0 
******************************************
Regulariser          :                 None
Dataset              :             CIFAR100
Files already downloaded and verified
Files already downloaded and verified
Data size            :        (10000, 3072)
Classes              :         (10000, 100)
No. Samples          :                10000
Dimensions           :               307200
x0                   :              uniform
Algorithm            :             NewtonCG
................................................................................................................
     ite     |    inite    |    orcs     |    time     |      f      |   g_norm    |    alpha    |     acc     
................................................................................................................
      0      |      0      |      0      |    0.00     | 5.0583e+01  | 5.8957e+01  |  0.00e+00   |    0.00     
      1      |    10000    |    20028    |    8.20     | 3.8011e+01  | 5.4284e+01  |  2.98e-08   |    0.00     
      2      |    10000    |    40053    |    16.44    | 3.7086e+01  | 9.5340e+01  |  2.38e-07   |    0.00     
      3      |    10000    |    60077    |    24.68    | 2.9558e+01  | 7.7741e+01  |  4.77e-07   |    0.00     
      4      |    10000    |    80097    |    32.96    | 2.6154e+01  | 3.0918e+01  |  7.63e-06   |    0.00     
      5      |    10000    |   100119    |    41.24    | 2.3332e+01  | 2.8394e+01  |  1.91e-06   |    0.00     

******************************************
               Running on cuda:0 
******************************************
Regulariser          :                 None
Dataset              :             CIFAR100
Files already downloaded and verified
Files already downloaded and verified
Data size            :        (10000, 3072)
Classes              :         (10000, 100)
No. Samples          :                10000
Dimensions           :               307200
x0                   :              uniform
Algorithm            :                AdaN+
................................................................................................................
     ite     |    orcs     |    time     |    relr     |    lite     |      f      |   g_norm    |     acc     
................................................................................................................
      0      |      0      |    0.00     | 0.0000e+00  |      0      | 5.0583e+01  | 3.2124e+03  |    0.00     
      1      |     656     |    0.36     | 5.8529e-33  |      1      | 5.6975e+02  | 6.6858e+03  |    0.00     
      2      |     690     |    0.38     | 2.7681e-33  |      1      | 5.2318e+02  | 6.5832e+03  |    0.00     
      3      |     760     |    0.41     | 5.0876e-33  |      1      | 4.9145e+02  | 4.1803e+03  |    0.00     
      4      |     914     |    0.47     | 5.2574e-33  |      1      | 4.6861e+02  | 2.7185e+03  |    0.00     
      5      |    1056     |    0.53     | 1.1871e-33  |      1      | 4.4634e+02  | 2.6005e+03  |    0.00     
      6      |    1194     |    0.58     | 7.3550e-34  |      1      | 4.2356e+02  | 3.4913e+03  |    0.00     
      7      |    1292     |    0.62     | 4.3129e-33  |      1      | 4.0649e+02  | 1.5886e+03  |    0.00     
      8      |    1406     |    0.67     | 1.8663e-33  |      1      | 3.9970e+02  | 1.0517e+03  |    0.00     
      9      |    1530     |    0.72     | 7.3380e-33  |      1      | 3.9152e+02  | 8.6072e+02  |    0.00     
     10      |    1658     |    0.77     | 9.6572e-33  |      1      | 3.8507e+02  | 7.7204e+02  |    0.00     
     11      |    1794     |    0.82     | 7.3855e-33  |      1      | 3.7810e+02  | 7.2678e+02  |    0.00     
     12      |    1946     |    0.89     | 8.8729e-33  |      1      | 3.6914e+02  | 7.2773e+02  |    0.00     
     13      |    2116     |    0.96     | 1.7815e-33  |      1      | 3.5830e+02  | 6.8428e+02  |    0.00     
     14      |    2304     |    1.03     | 6.7858e-33  |      1      | 3.4577e+02  | 1.7543e+03  |    0.00     
     15      |    2436     |    1.09     | 6.4020e-33  |      1      | 3.4105e+02  | 6.8737e+02  |    0.00     
     16      |    2578     |    1.14     | 3.2167e-33  |      1      | 3.3669e+02  | 6.2222e+02  |    0.00     
     17      |    2730     |    1.21     | 2.1662e-33  |      1      | 3.3037e+02  | 6.1213e+02  |    0.00     
     18      |    2902     |    1.28     | 1.1000e-33  |      1      | 3.2159e+02  | 6.0503e+02  |    0.00     
     19      |    3092     |    1.35     | 3.0063e-33  |      1      | 3.0927e+02  | 6.0162e+02  |    0.00     
     20      |    3302     |    1.44     | 2.6673e-33  |      1      | 2.9477e+02  | 3.0369e+03  |    0.00     
     21      |    3420     |    1.49     | 3.6492e-33  |      1      | 2.8909e+02  | 6.6054e+02  |    0.00     
     22      |    3544     |    1.54     | 2.4709e-33  |      1      | 2.8667e+02  | 5.9835e+02  |    0.00     
     23      |    3674     |    1.60     | 9.1002e-33  |      1      | 2.8318e+02  | 5.9060e+02  |    0.00     
     24      |    3816     |    1.65     | 8.5820e-33  |      1      | 2.7823e+02  | 5.8956e+02  |    0.00     
     25      |    3976     |    1.72     | 2.9384e-33  |      1      | 2.7123e+02  | 5.8893e+02  |    0.00     
     26      |    4154     |    1.79     | 3.1705e-33  |      1      | 2.6136e+02  | 5.8815e+02  |    0.00     
     27      |    4354     |    1.87     | 9.7824e-34  |      1      | 2.4745e+02  | 5.8650e+02  |    0.00     
     28      |    4574     |    1.96     | 4.1761e-33  |      1      | 2.2833e+02  | 5.7377e+02  |    0.00     
     29      |    4790     |    2.05     | 1.6285e-33  |      1      | 2.1489e+02  | 5.5700e+02  |    0.00     
     30      |    5030     |    2.15     | 2.7945e-33  |      1      | 1.9624e+02  | 5.4344e+02  |    0.00     
     31      |    5302     |    2.26     | 9.7672e-33  |      1      | 1.7325e+02  | 6.1775e+02  |    0.00     
     32      |    5514     |    2.35     | 8.8836e-33  |      1      | 1.6339e+02  | 5.0880e+02  |    0.00     
     33      |    5754     |    2.45     | 5.3722e-33  |      1      | 1.4983e+02  | 4.9974e+02  |    0.00     
     34      |    6006     |    2.55     | 6.0012e-33  |      1      | 1.3633e+02  | 4.6222e+02  |    0.00     
     35      |    6300     |    2.67     | 8.9690e-33  |      1      | 1.1915e+02  | 4.5797e+02  |    0.00     
     36      |    6588     |    2.79     | 4.9344e-33  |      1      | 1.0754e+02  | 3.8891e+02  |    0.00     
     37      |    6920     |    2.93     | 3.7736e-33  |      1      | 9.3823e+01  | 4.4695e+02  |    0.00     
     38      |    7180     |    3.03     | 4.6837e-33  |      1      | 8.7084e+01  | 3.3894e+02  |    0.00     
     39      |    7504     |    3.17     | 1.9862e-33  |      1      | 7.7899e+01  | 4.0321e+02  |    0.00     
     40      |    7726     |    3.26     | 2.7821e-33  |      1      | 7.4215e+01  | 3.0642e+02  |    0.00     
     41      |    8004     |    3.37     | 6.6227e-33  |      1      | 6.9539e+01  | 3.1385e+02  |    0.00     
     42      |    8232     |    3.47     | 9.8279e-33  |      1      | 6.7234e+01  | 2.4809e+02  |    0.00     
     43      |    8502     |    3.58     | 5.2020e-33  |      1      | 6.4113e+01  | 2.2766e+02  |    0.00     
     44      |    8812     |    3.71     | 5.0053e-33  |      1      | 6.2177e+01  | 1.7638e+03  |    0.00     
     45      |    8922     |    3.75     | 5.1779e-33  |      1      | 6.0615e+01  | 4.8478e+02  |    0.00     
     46      |    9026     |    3.80     | 4.3612e-33  |      1      | 6.0315e+01  | 2.7360e+02  |    0.00     
     47      |    9152     |    3.85     | 2.1458e-33  |      1      | 6.0027e+01  | 2.0711e+02  |    0.00     
     48      |    9302     |    3.91     | 2.6689e-33  |      1      | 5.9638e+01  | 1.8878e+02  |    0.00     
     49      |    9476     |    3.98     | 1.9723e-33  |      1      | 5.9093e+01  | 1.8471e+02  |    0.00     
     50      |    9672     |    4.06     | 6.1350e-33  |      1      | 5.8326e+01  | 1.8338e+02  |    0.00     
     51      |    9890     |    4.15     | 6.1900e-33  |      1      | 5.7252e+01  | 1.8183e+02  |    0.00     
     52      |    10134    |    4.25     | 7.9398e-33  |      1      | 5.5776e+01  | 1.7696e+02  |    0.00     
     53      |    10410    |    4.37     | 9.7362e-33  |      1      | 5.3853e+01  | 1.7115e+02  |    0.00     
     54      |    10714    |    4.49     | 4.0442e-33  |      1      | 5.1549e+01  | 1.5756e+02  |    0.00     
     55      |    11030    |    4.62     | 5.0144e-33  |      1      | 4.9360e+01  | 1.5287e+02  |    0.00     
     56      |    11382    |    4.76     | 7.2015e-33  |      1      | 4.6397e+01  | 1.4830e+02  |    0.00     
     57      |    11786    |    4.93     | 8.8178e-33  |      1      | 4.2458e+01  | 1.4268e+02  |    0.00     
     58      |    12250    |    5.12     | 6.5234e-33  |      1      | 3.7285e+01  | 1.6781e+02  |    0.00     
     59      |    12614    |    5.27     | 4.6543e-33  |      1      | 3.4650e+01  | 1.3299e+02  |    0.00     
     60      |    13046    |    5.45     | 2.3618e-33  |      1      | 3.0724e+01  | 1.2767e+02  |    0.00     
     61      |    13548    |    5.65     | 7.1132e-33  |      1      | 2.5394e+01  | 1.2399e+02  |    0.00     
     62      |    14134    |    5.89     | 6.0304e-33  |      1      | 1.8075e+01  | 1.2138e+02  |    0.00     
     63      |    14826    |    6.17     | 6.2819e-33  |      1      | 8.7149e+00  | 8.1042e+01  |    0.00     
     64      |    15184    |    6.32     | 3.5782e-33  |      1      | 8.4453e+00  | 4.4724e+01  |    0.00     
     65      |    15646    |    6.51     | 8.1408e-33  |      1      | 8.0770e+00  | 3.5891e+01  |    0.00     
     66      |    16214    |    6.74     | 7.4820e-33  |      1      | 7.5582e+00  | 3.4160e+01  |    0.00     
     67      |    16896    |    7.02     | 6.3247e-33  |      1      | 6.9060e+00  | 3.1268e+01  |    0.00     
     68      |    17726    |    7.36     | 7.3433e-33  |      1      | 6.1419e+00  | 3.2736e+01  |    0.00     
     69      |    18450    |    7.66     | 8.0087e-33  |      1      | 5.7287e+00  | 2.4088e+01  |    0.00     
     70      |    19156    |    7.95     | 8.6551e-33  |      1      | 5.4285e+00  | 2.0680e+01  |    0.00     
     71      |    19984    |    8.29     | 7.0415e-33  |      1      | 5.1167e+00  | 3.1659e+01  |    0.00     
     72      |    20530    |    8.51     | 9.6471e-33  |      1      | 5.0030e+00  | 1.6817e+01  |    0.00     
     73      |    21278    |    8.82     | 9.5567e-33  |      1      | 4.8111e+00  | 1.6226e+01  |    0.00     
     74      |    22164    |    9.18     | 8.7185e-33  |      1      | 4.5737e+00  | 1.5032e+01  |    0.00     
     75      |    23238    |    9.62     | 6.9183e-33  |      1      | 4.2787e+00  | 1.3882e+01  |    0.00     
     76      |    24544    |    10.16    | 9.4268e-33  |      1      | 3.9224e+00  | 1.2494e+01  |    0.00     
     77      |    26156    |    10.82    | 8.7936e-33  |      1      | 3.5044e+00  | 1.0943e+01  |    0.00     
     78      |    28158    |    11.64    | 8.8409e-33  |      1      | 3.0321e+00  | 9.4816e+00  |    0.00     
     79      |    30644    |    12.66    | 9.4850e-33  |      1      | 2.5260e+00  | 8.2667e+00  |    0.00     
     80      |    33536    |    13.84    | 9.0608e-33  |      1      | 2.0644e+00  | 7.1011e+00  |    0.00     
     81      |    36662    |    15.12    | 7.9759e-33  |      1      | 1.6958e+00  | 5.7821e+00  |    0.00     
     82      |    40168    |    16.56    | 8.2439e-33  |      1      | 1.3761e+00  | 4.8224e+00  |    0.00     
     83      |    44074    |    18.17    | 9.9045e-33  |      1      | 1.1040e+00  | 4.0532e+00  |    0.00     
     84      |    48232    |    19.87    | 9.0918e-33  |      1      | 8.9045e-01  | 3.2553e+00  |    0.00     
     85      |    52980    |    21.82    | 7.1944e-33  |      1      | 7.0033e-01  | 2.7149e+00  |    0.00     
     86      |    58226    |    23.98    | 9.6651e-33  |      1      | 5.4312e-01  | 2.2308e+00  |    0.00     
     87      |    63816    |    26.28    | 8.8129e-33  |      1      | 4.2119e-01  | 1.8660e+00  |    0.00     
     88      |    69584    |    28.65    | 7.4560e-33  |      1      | 3.3173e-01  | 1.4443e+00  |    0.00     
     89      |    75950    |    31.28    | 9.8313e-33  |      1      | 2.5603e-01  | 1.2265e+00  |    0.00     
     90      |    82466    |    33.96    | 9.5678e-33  |      1      | 2.0039e-01  | 9.9783e-01  |    0.00     
     91      |    88856    |    36.59    | 8.8485e-33  |      1      | 1.6109e-01  | 7.6374e-01  |    0.00     
     92      |    95840    |    39.47    | 9.2164e-33  |      1      | 1.2721e-01  | 6.2393e-01  |    0.00     
     93      |   103320    |    42.57    | 9.7591e-33  |      1      | 9.9494e-02  | 4.9202e-01  |    0.00     

******************************************
               Running on cuda:0 
******************************************
Regulariser          :                 None
Dataset              :             CIFAR100
Files already downloaded and verified
Files already downloaded and verified
Data size            :        (10000, 3072)
Classes              :         (10000, 100)
No. Samples          :                10000
Dimensions           :               307200
x0                   :              uniform
Algorithm            :                 AdaN
................................................................................................................
     ite     |    orcs     |    time     |    relr     |    lite     |      f      |   g_norm    |     acc     
................................................................................................................
      0      |      0      |    0.00     | 0.0000e+00  |      0      | 5.0583e+01  | 3.2124e+03  |    0.00     
      1      |    69734    |    28.79    | 4.8078e-33  |     31      | 3.4611e+01  | 1.3758e+03  |    0.00     
      2      |    69934    |    28.87    | 7.0920e-33  |      1      | 2.6300e+01  | 1.0950e+03  |    0.00     
      3      |    70186    |    28.98    | 4.9641e-33  |      1      | 2.1455e+01  | 8.5680e+02  |    0.00     
      4      |    70964    |    29.30    | 4.5976e-33  |      3      | 1.9349e+01  | 2.9494e+02  |    0.00     
      5      |    71780    |    29.64    | 6.8763e-33  |      4      | 1.8598e+01  | 2.0306e+02  |    0.00     
      6      |    71964    |    29.71    | 4.0210e-33  |      1      | 1.7762e+01  | 1.6199e+02  |    0.00     
      7      |    72170    |    29.80    | 7.2230e-33  |      1      | 1.6836e+01  | 1.3575e+02  |    0.00     
      8      |    72406    |    29.90    | 7.5606e-33  |      1      | 1.5687e+01  | 1.2010e+02  |    0.00     
      9      |    72682    |    30.01    | 4.5516e-33  |      1      | 1.4420e+01  | 1.0252e+02  |    0.00     
     10      |    73014    |    30.15    | 4.2783e-33  |      1      | 1.3111e+01  | 8.4467e+01  |    0.00     
     11      |    73420    |    30.31    | 4.7738e-33  |      1      | 1.1818e+01  | 6.7057e+01  |    0.00     
     12      |    73922    |    30.52    | 6.7018e-33  |      1      | 1.0540e+01  | 5.3414e+01  |    0.00     
     13      |    74562    |    30.79    | 4.4245e-33  |      1      | 9.2912e+00  | 4.2518e+01  |    0.00     
     14      |    75380    |    31.12    | 6.9083e-33  |      1      | 8.0768e+00  | 3.4264e+01  |    0.00     
     15      |    76434    |    31.56    | 4.0012e-33  |      1      | 6.8932e+00  | 2.7256e+01  |    0.00     
     16      |    77792    |    32.12    | 8.6013e-33  |      1      | 5.7449e+00  | 2.1814e+01  |    0.00     
     17      |    79544    |    32.84    | 8.8591e-33  |      1      | 4.6647e+00  | 1.8093e+01  |    0.00     
     18      |    81756    |    33.76    | 8.9897e-33  |      1      | 3.6868e+00  | 1.5239e+01  |    0.00     
     19      |    84542    |    34.91    | 7.2770e-33  |      1      | 2.8258e+00  | 1.2172e+01  |    0.00     
     20      |    88074    |    36.36    | 9.2984e-33  |      1      | 2.0750e+00  | 1.1241e+01  |    0.00     
     21      |    92330    |    38.13    | 8.6455e-33  |      1      | 1.4834e+00  | 8.8126e+00  |    0.00     
     22      |   102196    |    42.20    | 8.3584e-33  |      2      | 1.1041e+00  | 5.3664e+00  |    0.00     

******************************************
               Running on cuda:0 
******************************************
Regulariser          :                 None
Dataset              :             CIFAR100
Files already downloaded and verified
Files already downloaded and verified
Data size            :        (10000, 3072)
Classes              :         (10000, 100)
No. Samples          :                10000
Dimensions           :               307200
x0                   :              uniform
Algorithm            :          TR_Steihaug
..............................................................................................................................
     ite     |    inite    |    dtype    |    orcs     |    time     |      f      |   g_norm    |    delta    |     acc     
..............................................................................................................................
      0      |      0      |    None     |      0      |    0.00     | 5.0583e+01  | 3.2124e+03  |  1.00e+01   |    0.00     
      1      |     21      |    SOL,=    |     46      |    0.03     | 5.0583e+01  | 3.2124e+03  |  2.50e+00   |    0.00     
      2      |     14      |    SOL,=    |     78      |    0.04     | 5.0583e+01  | 3.2124e+03  |  6.25e-01   |    0.00     
      3      |     11      |    SOL,=    |     104     |    0.05     | 5.0583e+01  | 3.2124e+03  |  1.56e-01   |    0.00     
      4      |      6      |    SOL,=    |     120     |    0.06     | 5.0583e+01  | 3.2124e+03  |  3.91e-02   |    0.00     
      5      |      4      |    SOL,=    |     132     |    0.06     | 3.9022e+01  | 1.5584e+03  |  3.91e-02   |    0.00     
      6      |      4      |    SOL,=    |     144     |    0.07     | 3.9022e+01  | 1.5584e+03  |  9.77e-03   |    0.00     
      7      |      2      |    SOL,=    |     152     |    0.07     | 3.2808e+01  | 1.0301e+03  |  1.95e-02   |    0.00     
      8      |      3      |    SOL,=    |     162     |    0.08     | 3.0014e+01  | 1.2905e+03  |  1.95e-02   |    0.00     
      9      |      3      |    SOL,=    |     172     |    0.08     | 2.6782e+01  | 1.1767e+03  |  1.95e-02   |    0.00     
     10      |      4      |    SOL,=    |     184     |    0.09     | 2.4940e+01  | 1.1039e+03  |  4.88e-03   |    0.00     
     11      |      2      |    SOL,=    |     192     |    0.09     | 2.1706e+01  | 6.6935e+02  |  9.77e-03   |    0.00     
     12      |      2      |    SOL,=    |     200     |    0.09     | 1.9625e+01  | 7.5983e+02  |  9.77e-03   |    0.00     
     13      |      4      |    SOL,=    |     212     |    0.10     | 1.9625e+01  | 7.5983e+02  |  2.44e-03   |    0.00     
     14      |      1      |    SOL,=    |     218     |    0.10     | 1.8500e+01  | 4.0297e+02  |  4.88e-03   |    0.00     
     15      |      2      |    SOL,=    |     226     |    0.10     | 1.7920e+01  | 4.8875e+02  |  4.88e-03   |    0.00     
     16      |      4      |    SOL,=    |     238     |    0.11     | 1.7271e+01  | 3.8242e+02  |  9.77e-03   |    0.00     
     17      |      5      |    SOL,=    |     252     |    0.12     | 1.7271e+01  | 3.8242e+02  |  2.44e-03   |    0.00     
     18      |      2      |    SOL,=    |     260     |    0.12     | 1.6860e+01  | 1.9642e+02  |  4.88e-03   |    0.00     
     19      |      2      |    SOL,=    |     268     |    0.12     | 1.6447e+01  | 3.9386e+02  |  4.88e-03   |    0.00     
     20      |      3      |    SOL,=    |     278     |    0.13     | 1.5925e+01  | 3.2658e+02  |  9.77e-03   |    0.00     
     21      |      4      |    SOL,=    |     290     |    0.13     | 1.5579e+01  | 7.9955e+02  |  9.77e-03   |    0.00     
     22      |      7      |    SOL,=    |     308     |    0.14     | 1.4857e+01  | 7.3537e+02  |  9.77e-03   |    0.00     
     23      |      8      |    SOL,=    |     328     |    0.15     | 1.4857e+01  | 7.3537e+02  |  2.44e-03   |    0.00     
     24      |      2      |    SOL,=    |     336     |    0.15     | 1.3925e+01  | 1.8815e+02  |  4.88e-03   |    0.00     
     25      |      3      |    SOL,=    |     346     |    0.16     | 1.3650e+01  | 3.8004e+02  |  4.88e-03   |    0.00     
     26      |      4      |    SOL,=    |     358     |    0.16     | 1.3218e+01  | 2.7121e+02  |  9.77e-03   |    0.00     
     27      |      5      |    SOL,=    |     372     |    0.17     | 1.2905e+01  | 7.3087e+02  |  9.77e-03   |    0.00     
     28      |      6      |    SOL,=    |     388     |    0.17     | 1.2590e+01  | 8.5683e+02  |  9.77e-03   |    0.00     
     29      |      8      |    SOL,=    |     408     |    0.18     | 1.1692e+01  | 4.3920e+02  |  1.95e-02   |    0.00     
     30      |      7      |    SOL,=    |     426     |    0.19     | 1.1692e+01  | 4.3920e+02  |  4.88e-03   |    0.00     
     31      |      6      |    SOL,=    |     442     |    0.20     | 1.1438e+01  | 5.4338e+02  |  4.88e-03   |    0.00     
     32      |      6      |    SOL,=    |     458     |    0.20     | 1.1025e+01  | 2.9125e+02  |  9.77e-03   |    0.00     
     33      |      6      |    SOL,=    |     474     |    0.21     | 1.1025e+01  | 2.9125e+02  |  2.44e-03   |    0.00     
     34      |      4      |    SOL,=    |     486     |    0.22     | 1.0842e+01  | 1.6981e+02  |  4.88e-03   |    0.00     
     35      |      3      |    SOL,=    |     496     |    0.22     | 1.0634e+01  | 2.5099e+02  |  9.77e-03   |    0.00     
     36      |      5      |    SOL,=    |     510     |    0.23     | 1.0634e+01  | 2.5099e+02  |  2.44e-03   |    0.00     
     37      |      4      |    SOL,=    |     522     |    0.23     | 1.0483e+01  | 1.2663e+02  |  4.88e-03   |    0.00     
     38      |      4      |    SOL,=    |     534     |    0.24     | 1.0296e+01  | 1.8569e+02  |  9.77e-03   |    0.00     
     39      |      4      |    SOL,=    |     546     |    0.24     | 9.9874e+00  | 3.7141e+02  |  1.95e-02   |    0.00     
     40      |      7      |    SOL,=    |     564     |    0.25     | 9.4378e+00  | 6.2945e+02  |  3.91e-02   |    0.00     
     41      |     13      |    SOL,=    |     594     |    0.26     | 9.4378e+00  | 6.2945e+02  |  9.77e-03   |    0.00     
     42      |      9      |    SOL,=    |     616     |    0.27     | 9.4378e+00  | 6.2945e+02  |  2.44e-03   |    0.00     
     43      |      5      |    SOL,=    |     630     |    0.28     | 9.1375e+00  | 2.6880e+02  |  4.88e-03   |    0.00     
     44      |      5      |    SOL,=    |     644     |    0.28     | 8.9304e+00  | 1.9197e+02  |  9.77e-03   |    0.00     
     45      |      5      |    SOL,=    |     658     |    0.29     | 8.6370e+00  | 2.2987e+02  |  1.95e-02   |    0.00     
     46      |      7      |    SOL,=    |     676     |    0.30     | 8.6370e+00  | 2.2987e+02  |  4.88e-03   |    0.00     
     47      |      6      |    SOL,=    |     692     |    0.31     | 8.5499e+00  | 3.9812e+02  |  4.88e-03   |    0.00     
     48      |      5      |    SOL,=    |     706     |    0.31     | 8.3562e+00  | 2.5836e+02  |  9.77e-03   |    0.00     
     49      |      6      |    SOL,=    |     722     |    0.32     | 8.0873e+00  | 2.3870e+02  |  1.95e-02   |    0.00     
     50      |      6      |    SOL,=    |     738     |    0.33     | 7.8011e+00  | 5.7928e+02  |  1.95e-02   |    0.00     
     51      |     13      |    SOL,=    |     768     |    0.34     | 7.3138e+00  | 3.3510e+02  |  3.91e-02   |    0.00     
     52      |     18      |    SOL,=    |     808     |    0.36     | 7.3138e+00  | 3.3510e+02  |  9.77e-03   |    0.00     
     53      |     11      |    SOL,=    |     834     |    0.37     | 7.3138e+00  | 3.3510e+02  |  2.44e-03   |    0.00     
     54      |      4      |    SOL,=    |     846     |    0.37     | 7.3138e+00  | 3.3510e+02  |  6.10e-04   |    0.00     
     55      |      1      |    SOL,=    |     852     |    0.38     | 7.1821e+00  | 1.3528e+02  |  1.22e-03   |    0.00     
     56      |      2      |    SOL,=    |     860     |    0.38     | 7.1303e+00  | 1.5012e+02  |  1.22e-03   |    0.00     
     57      |      3      |    SOL,=    |     870     |    0.38     | 7.0721e+00  | 6.9528e+01  |  2.44e-03   |    0.00     
     58      |      3      |    SOL,=    |     880     |    0.39     | 7.0237e+00  | 1.5373e+02  |  4.88e-03   |    0.00     
     59      |      5      |    SOL,=    |     894     |    0.39     | 6.9151e+00  | 1.5862e+02  |  9.77e-03   |    0.00     
     60      |      5      |    SOL,=    |     908     |    0.40     | 6.6968e+00  | 1.2121e+02  |  1.95e-02   |    0.00     
     61      |      8      |    SOL,=    |     928     |    0.41     | 6.6968e+00  | 1.2121e+02  |  4.88e-03   |    0.00     
     62      |      7      |    SOL,=    |     946     |    0.42     | 6.6968e+00  | 1.2121e+02  |  1.22e-03   |    0.00     
     63      |      3      |    SOL,=    |     956     |    0.42     | 6.6591e+00  | 8.8817e+01  |  1.22e-03   |    0.00     
     64      |      4      |    SOL,=    |     968     |    0.43     | 6.6230e+00  | 5.4365e+01  |  2.44e-03   |    0.00     
     65      |      4      |    SOL,=    |     980     |    0.43     | 6.5788e+00  | 8.6700e+01  |  4.88e-03   |    0.00     
     66      |      5      |    SOL,=    |     994     |    0.44     | 6.4842e+00  | 1.0453e+02  |  9.77e-03   |    0.00     
     67      |      7      |    SOL,=    |    1012     |    0.44     | 6.4842e+00  | 1.0453e+02  |  2.44e-03   |    0.00     
     68      |      6      |    SOL,=    |    1028     |    0.45     | 6.4842e+00  | 1.0453e+02  |  6.10e-04   |    0.00     
     69      |      2      |    SOL,=    |    1036     |    0.45     | 6.4557e+00  | 4.0426e+01  |  1.22e-03   |    0.00     
     70      |      3      |    SOL,=    |    1046     |    0.46     | 6.4400e+00  | 7.8780e+01  |  2.44e-03   |    0.00     
     71      |      4      |    SOL,=    |    1058     |    0.46     | 6.3935e+00  | 9.4290e+01  |  4.88e-03   |    0.00     
     72      |      5      |    SOL,=    |    1072     |    0.47     | 6.3206e+00  | 2.0298e+02  |  9.77e-03   |    0.00     
     73      |      6      |    SOL,=    |    1088     |    0.48     | 6.2226e+00  | 3.6241e+02  |  9.77e-03   |    0.00     
     74      |      9      |    SOL,=    |    1110     |    0.49     | 6.0273e+00  | 2.2528e+02  |  1.95e-02   |    0.00     
     75      |     11      |    SOL,=    |    1136     |    0.50     | 5.8876e+00  | 5.3238e+02  |  1.95e-02   |    0.00     
     76      |     15      |    SOL,=    |    1170     |    0.51     | 5.8876e+00  | 5.3238e+02  |  4.88e-03   |    0.00     
     77      |      7      |    SOL,=    |    1188     |    0.52     | 5.6143e+00  | 1.9714e+02  |  9.77e-03   |    0.00     
     78      |      9      |    SOL,=    |    1210     |    0.53     | 5.4719e+00  | 1.8941e+02  |  1.95e-02   |    0.00     
     79      |     11      |    SOL,=    |    1236     |    0.54     | 5.3319e+00  | 3.0944e+02  |  1.95e-02   |    0.00     
     80      |     15      |    SOL,=    |    1270     |    0.56     | 5.3319e+00  | 3.0944e+02  |  4.88e-03   |    0.00     
     81      |      6      |    SOL,=    |    1286     |    0.56     | 5.2012e+00  | 3.7172e+02  |  4.88e-03   |    0.00     
     82      |      2      |    SOL,<    |    1294     |    0.57     | 5.1051e+00  | 1.0441e+02  |  4.88e-03   |    0.00     
     83      |      4      |    SOL,=    |    1306     |    0.57     | 5.0462e+00  | 1.0676e+02  |  9.77e-03   |    0.00     
     84      |     10      |    SOL,=    |    1330     |    0.58     | 4.9440e+00  | 1.1857e+02  |  1.95e-02   |    0.00     
     85      |     11      |    SOL,=    |    1356     |    0.59     | 4.9010e+00  | 3.1965e+02  |  4.88e-03   |    0.00     
     86      |      5      |    SOL,=    |    1370     |    0.60     | 4.6842e+00  | 1.5653e+02  |  9.77e-03   |    0.00     
     87      |     10      |    SOL,=    |    1394     |    0.61     | 4.6196e+00  | 2.5631e+02  |  9.77e-03   |    0.00     
     88      |     11      |    SOL,=    |    1420     |    0.62     | 4.5246e+00  | 2.1397e+02  |  9.77e-03   |    0.00     
     89      |     11      |    SOL,=    |    1446     |    0.63     | 4.4610e+00  | 2.1173e+02  |  9.77e-03   |    0.00     
     90      |     10      |    SOL,=    |    1470     |    0.65     | 4.4010e+00  | 2.5852e+02  |  9.77e-03   |    0.00     
     91      |     10      |    SOL,=    |    1494     |    0.66     | 4.3288e+00  | 2.0377e+02  |  9.77e-03   |    0.00     
     92      |     11      |    SOL,=    |    1520     |    0.67     | 4.2953e+00  | 2.9717e+02  |  2.44e-03   |    0.00     
     93      |      5      |    SOL,=    |    1534     |    0.67     | 4.1874e+00  | 1.6249e+02  |  4.88e-03   |    0.00     
     94      |      7      |    SOL,=    |    1552     |    0.68     | 4.1138e+00  | 7.6884e+01  |  9.77e-03   |    0.00     
     95      |      9      |    SOL,=    |    1574     |    0.69     | 4.0339e+00  | 1.4516e+02  |  1.95e-02   |    0.00     
     96      |     12      |    SOL,=    |    1602     |    0.70     | 4.0233e+00  | 5.3036e+02  |  4.88e-03   |    0.00     
     97      |      8      |    SOL,<    |    1622     |    0.71     | 3.7989e+00  | 1.6722e+02  |  4.88e-03   |    0.00     
     98      |     10      |    SOL,=    |    1646     |    0.72     | 3.7296e+00  | 9.6858e+01  |  9.77e-03   |    0.00     
     99      |     10      |    SOL,=    |    1670     |    0.73     | 3.6601e+00  | 1.4262e+02  |  1.95e-02   |    0.00     
     100     |     15      |    SOL,=    |    1704     |    0.75     | 3.5436e+00  | 2.0078e+02  |  1.95e-02   |    0.00     
     101     |     18      |    SOL,=    |    1744     |    0.77     | 3.5149e+00  | 4.6838e+02  |  4.88e-03   |    0.00     
     102     |      9      |    SOL,=    |    1766     |    0.78     | 3.3029e+00  | 1.4582e+02  |  9.77e-03   |    0.00     
     103     |     11      |    SOL,=    |    1792     |    0.79     | 3.2440e+00  | 2.0245e+02  |  9.77e-03   |    0.00     
     104     |     15      |    SOL,=    |    1826     |    0.80     | 3.1566e+00  | 1.0286e+02  |  9.77e-03   |    0.00     
     105     |     13      |    SOL,=    |    1856     |    0.82     | 3.0952e+00  | 1.1699e+02  |  9.77e-03   |    0.00     
     106     |     13      |    SOL,=    |    1886     |    0.83     | 3.0469e+00  | 1.3468e+02  |  9.77e-03   |    0.00     
     107     |     13      |    SOL,=    |    1916     |    0.84     | 3.0354e+00  | 1.8082e+02  |  2.44e-03   |    0.00     
     108     |      4      |    SOL,=    |    1928     |    0.85     | 2.9515e+00  | 9.9567e+01  |  4.88e-03   |    0.00     
     109     |     10      |    SOL,=    |    1952     |    0.86     | 2.9115e+00  | 8.9457e+01  |  4.88e-03   |    0.00     
     110     |     10      |    SOL,=    |    1976     |    0.87     | 2.8761e+00  | 8.4937e+01  |  9.77e-03   |    0.00     
     111     |     10      |    SOL,=    |    2000     |    0.88     | 2.8122e+00  | 8.3519e+01  |  1.95e-02   |    0.00     
     112     |     17      |    SOL,=    |    2038     |    0.90     | 2.7822e+00  | 2.6195e+02  |  4.88e-03   |    0.00     
     113     |      7      |    SOL,<    |    2056     |    0.90     | 2.6541e+00  | 9.3345e+01  |  4.88e-03   |    0.00     
     114     |      9      |    SOL,=    |    2078     |    0.91     | 2.6145e+00  | 7.1386e+01  |  9.77e-03   |    0.00     
     115     |     10      |    SOL,=    |    2102     |    0.93     | 2.5610e+00  | 9.2543e+01  |  1.95e-02   |    0.00     
     116     |     15      |    SOL,=    |    2136     |    0.94     | 2.4668e+00  | 1.5777e+02  |  3.91e-02   |    0.00     
     117     |     23      |    SOL,=    |    2186     |    0.96     | 2.4668e+00  | 1.5777e+02  |  9.77e-03   |    0.00     
     118     |     17      |    SOL,=    |    2224     |    0.98     | 2.3989e+00  | 1.1159e+02  |  9.77e-03   |    0.00     
     119     |     14      |    SOL,=    |    2256     |    0.99     | 2.3237e+00  | 8.8316e+01  |  1.95e-02   |    0.00     
     120     |     17      |    SOL,=    |    2294     |    1.01     | 2.2434e+00  | 8.2969e+01  |  3.91e-02   |    0.00     
     121     |     23      |    SOL,=    |    2344     |    1.03     | 2.0812e+00  | 1.7063e+02  |  3.91e-02   |    0.00     
     122     |     29      |    SOL,=    |    2406     |    1.06     | 1.8721e+00  | 1.4813e+02  |  7.81e-02   |    0.00     
     123     |     39      |    SOL,=    |    2488     |    1.10     | 1.6070e+00  | 1.5730e+02  |  1.56e-01   |    0.00     
     124     |     55      |    SOL,=    |    2602     |    1.15     | 1.2295e+00  | 2.1051e+02  |  1.56e-01   |    0.00     
     125     |     28      |    SOL,<    |    2662     |    1.17     | 1.0003e+00  | 7.4992e+01  |  1.56e-01   |    0.00     
     126     |     64      |    SOL,=    |    2794     |    1.23     | 6.9786e-01  | 9.0113e+01  |  3.12e-01   |    0.00     
     127     |     118     |    SOL,=    |    3034     |    1.34     | 5.2630e-01  | 2.5720e+02  |  3.12e-01   |    0.00     
     128     |      3      |    SOL,<    |    3044     |    1.34     | 4.5654e-01  | 7.0196e+01  |  3.12e-01   |    0.00     
     129     |     123     |    SOL,=    |    3294     |    1.46     | 4.5654e-01  | 7.0196e+01  |  7.81e-02   |    0.00     
     130     |     46      |    SOL,=    |    3390     |    1.50     | 3.2046e-01  | 1.6625e+02  |  7.81e-02   |    0.00     
     131     |      2      |    SOL,<    |    3398     |    1.50     | 2.9264e-01  | 4.3538e+01  |  7.81e-02   |    0.00     
     132     |     73      |    SOL,=    |    3548     |    1.57     | 2.2445e-01  | 7.2487e+01  |  7.81e-02   |    0.00     
     133     |     19      |    SOL,<    |    3590     |    1.59     | 1.9622e-01  | 2.0789e+01  |  7.81e-02   |    0.00     
     134     |     77      |    SOL,=    |    3748     |    1.66     | 1.4331e-01  | 1.3669e+01  |  1.56e-01   |    0.00     
     135     |     111     |    SOL,=    |    3974     |    1.76     | 7.9595e-02  | 9.5467e+00  |  3.12e-01   |    0.00     
     136     |     205     |    SOL,<    |    4388     |    1.94     | 4.5710e-02  | 3.1304e+01  |  3.12e-01   |    0.00     
     137     |     101     |    SOL,<    |    4594     |    2.03     | 4.5710e-02  | 3.1304e+01  |  7.81e-02   |    0.00     
     138     |     62      |    SOL,=    |    4722     |    2.09     | 4.5710e-02  | 3.1304e+01  |  1.95e-02   |    0.00     
     139     |     28      |    SOL,=    |    4782     |    2.11     | 3.6686e-02  | 1.1725e+01  |  1.95e-02   |    0.00     
     140     |     30      |    SOL,<    |    4846     |    2.14     | 3.1615e-02  | 3.3583e+00  |  1.95e-02   |    0.00     
     141     |     49      |    SOL,=    |    4948     |    2.19     | 2.8469e-02  | 1.8185e+00  |  3.91e-02   |    0.00     
     142     |     72      |    SOL,=    |    5096     |    2.25     | 2.6278e-02  | 6.0728e+00  |  3.91e-02   |    0.00     
     143     |     84      |    SOL,=    |    5268     |    2.33     | 2.1516e-02  | 2.9838e+00  |  7.81e-02   |    0.00     
     144     |     91      |    SOL,=    |    5454     |    2.41     | 1.5883e-02  | 2.2384e+00  |  1.56e-01   |    0.00     
     145     |     139     |    SOL,=    |    5736     |    2.54     | 8.3816e-03  | 9.7978e-01  |  3.12e-01   |    0.00     
     146     |     201     |    SOL,<    |    6142     |    2.72     | 3.4020e-03  | 3.8335e-01  |  3.12e-01   |    0.00     
     147     |     200     |    SOL,<    |    6546     |    2.90     | 1.3518e-03  | 1.4684e-01  |  3.12e-01   |    0.00     
     148     |     197     |    SOL,<    |    6944     |    3.08     | 5.4418e-04  | 5.6576e-02  |  3.12e-01   |    0.00     
     149     |     219     |    SOL,<    |    7386     |    3.27     | 2.1494e-04  | 2.1725e-02  |  3.12e-01   |    0.00     
     150     |     208     |    SOL,<    |    7806     |    3.46     | 8.3753e-05  | 8.3576e-03  |  3.12e-01   |    0.00     
     151     |     215     |    SOL,<    |    8240     |    3.66     | 3.2618e-05  | 3.1647e-03  |  3.12e-01   |    0.00     
     152     |     217     |    SOL,<    |    8678     |    3.85     | 1.2780e-05  | 1.1931e-03  |  3.12e-01   |    0.00     
     153     |     222     |    SOL,<    |    9126     |    4.05     | 4.9721e-06  | 4.4500e-04  |  3.12e-01   |    0.00     
     154     |     226     |    SOL,<    |    9582     |    4.25     | 1.9250e-06  | 1.6342e-04  |  3.12e-01   |    0.00     
     155     |     231     |    SOL,<    |    10048    |    4.46     | 7.4175e-07  | 6.0092e-05  |  3.12e-01   |    0.00     
     156     |     234     |    SOL,<    |    10520    |    4.67     | 2.8456e-07  | 2.2441e-05  |  3.12e-01   |    0.00     
     157     |     236     |    SOL,<    |    10996    |    4.88     | 1.0874e-07  | 8.3286e-06  |  3.12e-01   |    0.00     
     158     |     238     |    SOL,<    |    11476    |    5.09     | 4.1473e-08  | 3.0971e-06  |  3.12e-01   |    0.00     
     159     |     243     |    SOL,<    |    11966    |    5.31     | 1.5768e-08  | 1.1726e-06  |  3.12e-01   |    0.00     
     160     |     247     |    SOL,<    |    12464    |    5.53     | 5.9833e-09  | 4.2886e-07  |  3.12e-01   |    0.00     

******************************************
               Running on cuda:0 
******************************************
Regulariser          :                 None
Dataset              :             CIFAR100
Files already downloaded and verified
Files already downloaded and verified
Data size            :        (10000, 3072)
Classes              :         (10000, 100)
No. Samples          :                10000
Dimensions           :               307200
x0                   :              uniform
Algorithm            :               L-BFGS
................................................................................................................
     ite     |    orcs     |    time     |      f      |   g_norm    |    iteLS    |    alpha    |     acc     
................................................................................................................
      0      |      0      |    0.00     | 5.0583e+01  | 3.2124e+03  |      0      |  0.00e+00   |    0.00     
      1      |     58      |    0.04     | 4.4688e+01  | 2.0866e+03  |     10      |  2.37e-05   |    0.00     
      2      |     62      |    0.04     | 4.3266e+01  | 1.5514e+03  |      1      |  1.00e+00   |    0.00     
      3      |     66      |    0.05     | 4.0453e+01  | 1.1772e+03  |      1      |  1.00e+00   |    0.00     
      4      |     70      |    0.05     | 3.6859e+01  | 9.2563e+02  |      1      |  1.00e+00   |    0.00     
      5      |     74      |    0.05     | 3.3759e+01  | 8.2038e+02  |      1      |  1.00e+00   |    0.00     
      6      |     84      |    0.05     | 3.1374e+01  | 1.1631e+03  |      2      |  7.36e-01   |    0.00     
      7      |     88      |    0.06     | 2.9527e+01  | 1.2744e+03  |      1      |  1.00e+00   |    0.00     
      8      |     92      |    0.06     | 2.7569e+01  | 9.3902e+02  |      1      |  1.00e+00   |    0.00     
      9      |     96      |    0.06     | 2.5903e+01  | 6.4150e+02  |      1      |  1.00e+00   |    0.00     
     10      |     100     |    0.06     | 2.4990e+01  | 6.5422e+02  |      1      |  1.00e+00   |    0.00     
     11      |     104     |    0.07     | 2.3759e+01  | 6.7011e+02  |      1      |  1.00e+00   |    0.00     
     12      |     108     |    0.07     | 2.2534e+01  | 1.2522e+03  |      1      |  1.00e+00   |    0.00     
     13      |     118     |    0.08     | 2.1895e+01  | 1.0288e+03  |      2      |  4.16e-01   |    0.00     
     14      |     122     |    0.08     | 2.0608e+01  | 5.7965e+02  |      1      |  1.00e+00   |    0.00     
     15      |     144     |    0.09     | 2.0244e+01  | 5.5395e+02  |      4      |  2.14e-01   |    0.00     
     16      |     154     |    0.10     | 1.9532e+01  | 4.8241e+02  |      2      |  5.44e-01   |    0.00     
     17      |     164     |    0.10     | 1.8941e+01  | 4.7034e+02  |      2      |  5.00e-01   |    0.00     
     18      |     174     |    0.11     | 1.8704e+01  | 4.4284e+02  |      2      |  2.42e-01   |    0.00     
     19      |     178     |    0.11     | 1.8229e+01  | 3.4079e+02  |      1      |  1.00e+00   |    0.00     
     20      |     182     |    0.12     | 1.7717e+01  | 7.2904e+02  |      1      |  1.00e+00   |    0.00     
     21      |     186     |    0.12     | 1.7054e+01  | 4.9006e+02  |      1      |  1.00e+00   |    0.00     
     22      |     292     |    0.17     | 1.6598e+01  | 4.3698e+02  |     18      |  2.82e-01   |    0.00     
     23      |     302     |    0.17     | 1.6350e+01  | 4.1885e+02  |      2      |  2.27e-01   |    0.00     
     24      |     312     |    0.18     | 1.6046e+01  | 2.7907e+02  |      2      |  2.31e-01   |    0.00     
     25      |     318     |    0.19     | 1.5601e+01  | 3.2896e+02  |      2      |  2.00e+00   |    0.00     
     26      |     322     |    0.19     | 1.5380e+01  | 7.0386e+02  |      1      |  1.00e+00   |    0.00     
     27      |     326     |    0.20     | 1.4922e+01  | 3.3697e+02  |      1      |  1.00e+00   |    0.00     
     28      |     332     |    0.20     | 1.4230e+01  | 4.1657e+02  |      2      |  2.00e+00   |    0.00     
     29      |     336     |    0.21     | 1.3596e+01  | 3.9313e+02  |      1      |  1.00e+00   |    0.00     
     30      |     340     |    0.21     | 1.3225e+01  | 2.7229e+02  |      1      |  1.00e+00   |    0.00     
     31      |     344     |    0.21     | 1.3002e+01  | 2.0710e+02  |      1      |  1.00e+00   |    0.00     
     32      |     348     |    0.22     | 1.2881e+01  | 2.4290e+02  |      1      |  1.00e+00   |    0.00     
     33      |     352     |    0.22     | 1.2788e+01  | 1.6627e+02  |      1      |  1.00e+00   |    0.00     
     34      |     358     |    0.23     | 1.2606e+01  | 2.0712e+02  |      2      |  2.00e+00   |    0.00     
     35      |     362     |    0.23     | 1.2372e+01  | 2.6452e+02  |      1      |  1.00e+00   |    0.00     
     36      |     372     |    0.24     | 1.2289e+01  | 3.3171e+02  |      2      |  3.06e-01   |    0.00     
     37      |     378     |    0.24     | 1.1980e+01  | 2.4223e+02  |      2      |  2.00e+00   |    0.00     
     38      |     384     |    0.25     | 1.1436e+01  | 3.7375e+02  |      2      |  2.00e+00   |    0.00     
     39      |     394     |    0.26     | 1.1109e+01  | 3.3172e+02  |      2      |  4.23e-01   |    0.00     
     40      |     398     |    0.26     | 1.0849e+01  | 2.6497e+02  |      1      |  1.00e+00   |    0.00     
     41      |     402     |    0.26     | 1.0724e+01  | 1.4933e+02  |      1      |  1.00e+00   |    0.00     
     42      |     406     |    0.27     | 1.0602e+01  | 3.3592e+02  |      1      |  1.00e+00   |    0.00     
     43      |     410     |    0.27     | 1.0406e+01  | 2.8838e+02  |      1      |  1.00e+00   |    0.00     
     44      |     414     |    0.28     | 1.0172e+01  | 1.8430e+02  |      1      |  1.00e+00   |    0.00     
     45      |     418     |    0.28     | 9.9718e+00  | 1.7311e+02  |      1      |  1.00e+00   |    0.00     
     46      |     422     |    0.29     | 9.8972e+00  | 1.5975e+02  |      1      |  1.00e+00   |    0.00     
     47      |     426     |    0.29     | 9.8256e+00  | 1.1270e+02  |      1      |  1.00e+00   |    0.00     
     48      |     430     |    0.29     | 9.7243e+00  | 1.2481e+02  |      1      |  1.00e+00   |    0.00     
     49      |     434     |    0.30     | 9.6193e+00  | 1.9123e+02  |      1      |  1.00e+00   |    0.00     
     50      |     438     |    0.30     | 9.4046e+00  | 3.8922e+02  |      1      |  1.00e+00   |    0.00     
     51      |     442     |    0.31     | 9.0963e+00  | 4.5610e+02  |      1      |  1.00e+00   |    0.00     
     52      |     446     |    0.31     | 8.8844e+00  | 2.0515e+02  |      1      |  1.00e+00   |    0.00     
     53      |     450     |    0.32     | 8.7891e+00  | 1.1233e+02  |      1      |  1.00e+00   |    0.00     
     54      |     454     |    0.32     | 8.7427e+00  | 9.9891e+01  |      1      |  1.00e+00   |    0.00     
     55      |     458     |    0.32     | 8.6867e+00  | 1.1898e+02  |      1      |  1.00e+00   |    0.00     
     56      |     462     |    0.33     | 8.5664e+00  | 2.1214e+02  |      1      |  1.00e+00   |    0.00     
     57      |     472     |    0.34     | 8.4785e+00  | 1.9471e+02  |      2      |  5.00e-01   |    0.00     
     58      |     476     |    0.34     | 8.3700e+00  | 1.2902e+02  |      1      |  1.00e+00   |    0.00     
     59      |     480     |    0.34     | 8.2644e+00  | 2.3707e+02  |      1      |  1.00e+00   |    0.00     
     60      |     484     |    0.35     | 8.1738e+00  | 1.7315e+02  |      1      |  1.00e+00   |    0.00     
     61      |     490     |    0.35     | 7.9616e+00  | 3.1509e+02  |      2      |  2.00e+00   |    0.00     
     62      |     494     |    0.36     | 7.7656e+00  | 1.8430e+02  |      1      |  1.00e+00   |    0.00     
     63      |     498     |    0.36     | 7.6333e+00  | 1.3123e+02  |      1      |  1.00e+00   |    0.00     
     64      |     508     |    0.37     | 7.5718e+00  | 1.4745e+02  |      2      |  6.83e-01   |    0.00     
     65      |     512     |    0.37     | 7.5301e+00  | 1.2117e+02  |      1      |  1.00e+00   |    0.00     
     66      |     518     |    0.38     | 7.4806e+00  | 1.2946e+02  |      2      |  2.00e+00   |    0.00     
     67      |     526     |    0.39     | 7.3737e+00  | 1.8104e+02  |      3      |  4.00e+00   |    0.00     
     68      |     532     |    0.39     | 7.1881e+00  | 2.6661e+02  |      2      |  2.00e+00   |    0.00     
     69      |     536     |    0.40     | 7.0079e+00  | 1.9866e+02  |      1      |  1.00e+00   |    0.00     
     70      |     540     |    0.40     | 6.9096e+00  | 1.1141e+02  |      1      |  1.00e+00   |    0.00     
     71      |     544     |    0.40     | 6.8659e+00  | 1.0264e+02  |      1      |  1.00e+00   |    0.00     
     72      |     548     |    0.41     | 6.8127e+00  | 1.5210e+02  |      1      |  1.00e+00   |    0.00     
     73      |     556     |    0.42     | 6.6973e+00  | 1.4883e+02  |      3      |  4.00e+00   |    0.00     
     74      |     560     |    0.42     | 6.6155e+00  | 1.7790e+02  |      1      |  1.00e+00   |    0.00     
     75      |     564     |    0.42     | 6.5411e+00  | 1.6558e+02  |      1      |  1.00e+00   |    0.00     
     76      |     568     |    0.43     | 6.4524e+00  | 1.4027e+02  |      1      |  1.00e+00   |    0.00     
     77      |     572     |    0.43     | 6.3737e+00  | 1.0228e+02  |      1      |  1.00e+00   |    0.00     
     78      |     576     |    0.44     | 6.3284e+00  | 1.1404e+02  |      1      |  1.00e+00   |    0.00     
     79      |     582     |    0.44     | 6.2532e+00  | 1.1393e+02  |      2      |  2.00e+00   |    0.00     
     80      |     588     |    0.45     | 6.0828e+00  | 2.2092e+02  |      2      |  2.00e+00   |    0.00     
     81      |     592     |    0.45     | 5.9978e+00  | 1.8185e+02  |      1      |  1.00e+00   |    0.00     
     82      |     596     |    0.46     | 5.9282e+00  | 1.0055e+02  |      1      |  1.00e+00   |    0.00     
     83      |     600     |    0.46     | 5.8852e+00  | 1.0260e+02  |      1      |  1.00e+00   |    0.00     
     84      |     606     |    0.47     | 5.8346e+00  | 1.0942e+02  |      2      |  2.00e+00   |    0.00     
     85      |     616     |    0.47     | 5.8082e+00  | 1.1983e+02  |      2      |  4.65e-01   |    0.00     
     86      |     620     |    0.48     | 5.7757e+00  | 7.2683e+01  |      1      |  1.00e+00   |    0.00     
     87      |     626     |    0.48     | 5.7016e+00  | 1.5767e+02  |      2      |  2.00e+00   |    0.00     
     88      |     632     |    0.49     | 5.5704e+00  | 1.9179e+02  |      2      |  2.00e+00   |    0.00     
     89      |     636     |    0.49     | 5.4974e+00  | 2.2795e+02  |      1      |  1.00e+00   |    0.00     
     90      |     640     |    0.50     | 5.4311e+00  | 1.0563e+02  |      1      |  1.00e+00   |    0.00     
     91      |     644     |    0.50     | 5.3965e+00  | 7.2990e+01  |      1      |  1.00e+00   |    0.00     
     92      |     654     |    0.51     | 5.3768e+00  | 9.1987e+01  |      2      |  7.47e-01   |    0.00     
     93      |     660     |    0.51     | 5.3409e+00  | 8.5765e+01  |      2      |  2.00e+00   |    0.00     
     94      |     666     |    0.52     | 5.2525e+00  | 1.5971e+02  |      2      |  2.00e+00   |    0.00     
     95      |     670     |    0.52     | 5.1604e+00  | 1.3320e+02  |      1      |  1.00e+00   |    0.00     
     96      |     674     |    0.53     | 5.0806e+00  | 1.0514e+02  |      1      |  1.00e+00   |    0.00     
     97      |     678     |    0.53     | 5.0506e+00  | 9.9415e+01  |      1      |  1.00e+00   |    0.00     
     98      |     684     |    0.53     | 5.0138e+00  | 7.6643e+01  |      2      |  2.00e+00   |    0.00     
     99      |     690     |    0.54     | 4.9364e+00  | 1.4118e+02  |      2      |  2.00e+00   |    0.00     
     100     |     694     |    0.54     | 4.8591e+00  | 1.2865e+02  |      1      |  1.00e+00   |    0.00     
     101     |     698     |    0.55     | 4.7910e+00  | 1.0019e+02  |      1      |  1.00e+00   |    0.00     
     102     |     702     |    0.55     | 4.7515e+00  | 9.0182e+01  |      1      |  1.00e+00   |    0.00     
     103     |     706     |    0.56     | 4.7297e+00  | 7.3264e+01  |      1      |  1.00e+00   |    0.00     
     104     |     712     |    0.56     | 4.6859e+00  | 1.3906e+02  |      2      |  2.00e+00   |    0.00     
     105     |     716     |    0.57     | 4.6303e+00  | 1.4020e+02  |      1      |  1.00e+00   |    0.00     
     106     |     720     |    0.57     | 4.5352e+00  | 1.3206e+02  |      1      |  1.00e+00   |    0.00     
     107     |     730     |    0.58     | 4.4996e+00  | 1.1436e+02  |      2      |  4.48e-01   |    0.00     
     108     |     734     |    0.58     | 4.4660e+00  | 6.8974e+01  |      1      |  1.00e+00   |    0.00     
     109     |     738     |    0.59     | 4.4449e+00  | 7.3980e+01  |      1      |  1.00e+00   |    0.00     
     110     |     744     |    0.59     | 4.4036e+00  | 1.1401e+02  |      2      |  2.00e+00   |    0.00     
     111     |     748     |    0.59     | 4.3603e+00  | 1.1148e+02  |      1      |  1.00e+00   |    0.00     
     112     |     752     |    0.60     | 4.3027e+00  | 7.4508e+01  |      1      |  1.00e+00   |    0.00     
     113     |     756     |    0.60     | 4.2718e+00  | 8.7023e+01  |      1      |  1.00e+00   |    0.00     
     114     |     760     |    0.61     | 4.2441e+00  | 8.6040e+01  |      1      |  1.00e+00   |    0.00     
     115     |     766     |    0.61     | 4.1843e+00  | 1.1862e+02  |      2      |  2.00e+00   |    0.00     
     116     |     770     |    0.62     | 4.1064e+00  | 1.2961e+02  |      1      |  1.00e+00   |    0.00     
     117     |     774     |    0.62     | 4.0320e+00  | 1.1991e+02  |      1      |  1.00e+00   |    0.00     
     118     |     778     |    0.62     | 3.9963e+00  | 7.8350e+01  |      1      |  1.00e+00   |    0.00     
     119     |     782     |    0.63     | 3.9782e+00  | 6.1608e+01  |      1      |  1.00e+00   |    0.00     
     120     |     786     |    0.63     | 3.9492e+00  | 7.2654e+01  |      1      |  1.00e+00   |    0.00     
     121     |     790     |    0.64     | 3.9095e+00  | 8.4280e+01  |      1      |  1.00e+00   |    0.00     
     122     |     794     |    0.64     | 3.8707e+00  | 1.1567e+02  |      1      |  1.00e+00   |    0.00     
     123     |     798     |    0.65     | 3.8390e+00  | 7.5385e+01  |      1      |  1.00e+00   |    0.00     
     124     |     802     |    0.65     | 3.8148e+00  | 6.4977e+01  |      1      |  1.00e+00   |    0.00     
     125     |     806     |    0.65     | 3.7831e+00  | 8.1516e+01  |      1      |  1.00e+00   |    0.00     
     126     |     810     |    0.66     | 3.7445e+00  | 1.0771e+02  |      1      |  1.00e+00   |    0.00     
     127     |     814     |    0.66     | 3.7000e+00  | 1.2843e+02  |      1      |  1.00e+00   |    0.00     
     128     |     818     |    0.67     | 3.6542e+00  | 8.6613e+01  |      1      |  1.00e+00   |    0.00     
     129     |     822     |    0.67     | 3.6192e+00  | 9.5808e+01  |      1      |  1.00e+00   |    0.00     
     130     |     828     |    0.68     | 3.5865e+00  | 9.5536e+01  |      2      |  2.00e+00   |    0.00     
     131     |     832     |    0.68     | 3.5598e+00  | 6.6229e+01  |      1      |  1.00e+00   |    0.00     
     132     |     836     |    0.69     | 3.5313e+00  | 5.6618e+01  |      1      |  1.00e+00   |    0.00     
     133     |     840     |    0.69     | 3.5139e+00  | 7.4088e+01  |      1      |  1.00e+00   |    0.00     
     134     |     846     |    0.69     | 3.4797e+00  | 7.6564e+01  |      2      |  2.00e+00   |    0.00     
     135     |     850     |    0.70     | 3.4440e+00  | 7.0152e+01  |      1      |  1.00e+00   |    0.00     
     136     |     854     |    0.70     | 3.4066e+00  | 6.7186e+01  |      1      |  1.00e+00   |    0.00     
     137     |     858     |    0.71     | 3.3647e+00  | 8.5060e+01  |      1      |  1.00e+00   |    0.00     
     138     |     862     |    0.71     | 3.3132e+00  | 1.2365e+02  |      1      |  1.00e+00   |    0.00     
     139     |     866     |    0.72     | 3.2759e+00  | 8.8513e+01  |      1      |  1.00e+00   |    0.00     
     140     |     870     |    0.72     | 3.2553e+00  | 5.1714e+01  |      1      |  1.00e+00   |    0.00     
     141     |     874     |    0.73     | 3.2434e+00  | 4.7453e+01  |      1      |  1.00e+00   |    0.00     
     142     |     880     |    0.73     | 3.2259e+00  | 7.4670e+01  |      2      |  2.00e+00   |    0.00     
     143     |     886     |    0.74     | 3.1769e+00  | 1.1662e+02  |      2      |  2.00e+00   |    0.00     
     144     |     890     |    0.74     | 3.1294e+00  | 1.2376e+02  |      1      |  1.00e+00   |    0.00     
     145     |     894     |    0.74     | 3.0894e+00  | 6.4271e+01  |      1      |  1.00e+00   |    0.00     
     146     |     898     |    0.75     | 3.0688e+00  | 5.9032e+01  |      1      |  1.00e+00   |    0.00     
     147     |     904     |    0.75     | 3.0443e+00  | 9.9093e+01  |      2      |  2.00e+00   |    0.00     
     148     |     910     |    0.76     | 3.0051e+00  | 8.5654e+01  |      2      |  2.00e+00   |    0.00     
     149     |     914     |    0.76     | 2.9844e+00  | 5.4362e+01  |      1      |  1.00e+00   |    0.00     
     150     |     920     |    0.77     | 2.9650e+00  | 6.7487e+01  |      2      |  2.00e+00   |    0.00     
     151     |     926     |    0.77     | 2.9253e+00  | 8.0882e+01  |      2      |  2.00e+00   |    0.00     
     152     |     930     |    0.78     | 2.8816e+00  | 9.0309e+01  |      1      |  1.00e+00   |    0.00     
     153     |     934     |    0.78     | 2.8567e+00  | 8.5480e+01  |      1      |  1.00e+00   |    0.00     
     154     |     938     |    0.79     | 2.8408e+00  | 4.6654e+01  |      1      |  1.00e+00   |    0.00     
     155     |     942     |    0.79     | 2.8273e+00  | 5.0249e+01  |      1      |  1.00e+00   |    0.00     
     156     |     946     |    0.79     | 2.8087e+00  | 6.5640e+01  |      1      |  1.00e+00   |    0.00     
     157     |     950     |    0.80     | 2.7916e+00  | 1.2029e+02  |      1      |  1.00e+00   |    0.00     
     158     |     954     |    0.80     | 2.7670e+00  | 6.5874e+01  |      1      |  1.00e+00   |    0.00     
     159     |     958     |    0.81     | 2.7409e+00  | 5.5159e+01  |      1      |  1.00e+00   |    0.00     
     160     |     962     |    0.81     | 2.7224e+00  | 6.0583e+01  |      1      |  1.00e+00   |    0.00     
     161     |     966     |    0.81     | 2.6956e+00  | 7.4996e+01  |      1      |  1.00e+00   |    0.00     
     162     |     970     |    0.82     | 2.6611e+00  | 7.4972e+01  |      1      |  1.00e+00   |    0.00     
     163     |     974     |    0.82     | 2.6215e+00  | 8.1115e+01  |      1      |  1.00e+00   |    0.00     
     164     |     978     |    0.83     | 2.5861e+00  | 1.0031e+02  |      1      |  1.00e+00   |    0.00     
     165     |     982     |    0.83     | 2.5567e+00  | 8.2500e+01  |      1      |  1.00e+00   |    0.00     
     166     |     986     |    0.84     | 2.5314e+00  | 5.4051e+01  |      1      |  1.00e+00   |    0.00     
     167     |     990     |    0.84     | 2.5195e+00  | 5.9871e+01  |      1      |  1.00e+00   |    0.00     
     168     |     994     |    0.84     | 2.5108e+00  | 4.3178e+01  |      1      |  1.00e+00   |    0.00     
     169     |    1000     |    0.85     | 2.4953e+00  | 6.8884e+01  |      2      |  2.00e+00   |    0.00     
     170     |    1006     |    0.85     | 2.4682e+00  | 7.8663e+01  |      2      |  2.00e+00   |    0.00     
     171     |    1010     |    0.86     | 2.4246e+00  | 8.5344e+01  |      1      |  1.00e+00   |    0.00     
     172     |    1014     |    0.86     | 2.4033e+00  | 8.5713e+01  |      1      |  1.00e+00   |    0.00     
     173     |    1018     |    0.87     | 2.3855e+00  | 5.8247e+01  |      1      |  1.00e+00   |    0.00     
     174     |    1022     |    0.87     | 2.3635e+00  | 5.3221e+01  |      1      |  1.00e+00   |    0.00     
     175     |    1026     |    0.88     | 2.3405e+00  | 6.6297e+01  |      1      |  1.00e+00   |    0.00     
     176     |    1030     |    0.88     | 2.3239e+00  | 7.7907e+01  |      1      |  1.00e+00   |    0.00     
     177     |    1034     |    0.88     | 2.3099e+00  | 4.6859e+01  |      1      |  1.00e+00   |    0.00     
     178     |    1038     |    0.89     | 2.2991e+00  | 4.5122e+01  |      1      |  1.00e+00   |    0.00     
     179     |    1042     |    0.89     | 2.2862e+00  | 6.3016e+01  |      1      |  1.00e+00   |    0.00     
     180     |    1046     |    0.90     | 2.2628e+00  | 7.6492e+01  |      1      |  1.00e+00   |    0.00     
     181     |    1050     |    0.90     | 2.2377e+00  | 1.7781e+02  |      1      |  1.00e+00   |    0.00     
     182     |    1054     |    0.91     | 2.1997e+00  | 7.3795e+01  |      1      |  1.00e+00   |    0.00     
     183     |    1058     |    0.91     | 2.1794e+00  | 4.1122e+01  |      1      |  1.00e+00   |    0.00     
     184     |    1062     |    0.91     | 2.1710e+00  | 3.9096e+01  |      1      |  1.00e+00   |    0.00     
     185     |    1066     |    0.92     | 2.1617e+00  | 4.1611e+01  |      1      |  1.00e+00   |    0.00     
     186     |    1070     |    0.92     | 2.1480e+00  | 6.4148e+01  |      1      |  1.00e+00   |    0.00     
     187     |    1076     |    0.93     | 2.1007e+00  | 9.2603e+01  |      2      |  2.00e+00   |    0.00     
     188     |    1080     |    0.93     | 2.0771e+00  | 1.3010e+02  |      1      |  1.00e+00   |    0.00     
     189     |    1084     |    0.94     | 2.0502e+00  | 5.6281e+01  |      1      |  1.00e+00   |    0.00     
     190     |    1088     |    0.94     | 2.0431e+00  | 3.3070e+01  |      1      |  1.00e+00   |    0.00     
     191     |    1094     |    0.94     | 2.0369e+00  | 4.8319e+01  |      2      |  2.00e+00   |    0.00     
     192     |    1102     |    0.95     | 2.0211e+00  | 8.0902e+01  |      3      |  4.00e+00   |    0.00     
     193     |    1108     |    0.96     | 1.9925e+00  | 8.1522e+01  |      2      |  2.00e+00   |    0.00     
     194     |    1112     |    0.96     | 1.9573e+00  | 7.8834e+01  |      1      |  1.00e+00   |    0.00     
     195     |    1116     |    0.96     | 1.9249e+00  | 7.5647e+01  |      1      |  1.00e+00   |    0.00     
     196     |    1120     |    0.97     | 1.9056e+00  | 6.6550e+01  |      1      |  1.00e+00   |    0.00     
     197     |    1124     |    0.97     | 1.8943e+00  | 3.5764e+01  |      1      |  1.00e+00   |    0.00     
     198     |    1128     |    0.98     | 1.8847e+00  | 3.6692e+01  |      1      |  1.00e+00   |    0.00     
     199     |    1134     |    0.98     | 1.8664e+00  | 7.8172e+01  |      2      |  2.00e+00   |    0.00     
     200     |    1138     |    0.99     | 1.8472e+00  | 8.1324e+01  |      1      |  1.00e+00   |    0.00     
     201     |    1142     |    0.99     | 1.8185e+00  | 5.8314e+01  |      1      |  1.00e+00   |    0.00     
     202     |    1146     |    0.99     | 1.8062e+00  | 9.2090e+01  |      1      |  1.00e+00   |    0.00     
     203     |    1150     |    1.00     | 1.7942e+00  | 3.9830e+01  |      1      |  1.00e+00   |    0.00     
     204     |    1158     |    1.00     | 1.7813e+00  | 6.9908e+01  |      3      |  4.00e+00   |    0.00     
     205     |    1166     |    1.01     | 1.7356e+00  | 8.0891e+01  |      3      |  4.00e+00   |    0.00     
     206     |    1170     |    1.02     | 1.7137e+00  | 9.3806e+01  |      1      |  1.00e+00   |    0.00     
     207     |    1174     |    1.02     | 1.6996e+00  | 4.3940e+01  |      1      |  1.00e+00   |    0.00     
     208     |    1180     |    1.02     | 1.6923e+00  | 4.0746e+01  |      2      |  2.00e+00   |    0.00     
     209     |    1186     |    1.03     | 1.6830e+00  | 3.5458e+01  |      2      |  2.00e+00   |    0.00     
     210     |    1190     |    1.03     | 1.6757e+00  | 3.5419e+01  |      1      |  1.00e+00   |    0.00     
     211     |    1196     |    1.04     | 1.6610e+00  | 6.2045e+01  |      2      |  2.00e+00   |    0.00     
     212     |    1200     |    1.04     | 1.6438e+00  | 6.2116e+01  |      1      |  1.00e+00   |    0.00     
     213     |    1204     |    1.05     | 1.6223e+00  | 4.5746e+01  |      1      |  1.00e+00   |    0.00     
     214     |    1208     |    1.05     | 1.6079e+00  | 6.0559e+01  |      1      |  1.00e+00   |    0.00     
     215     |    1212     |    1.06     | 1.5962e+00  | 5.5507e+01  |      1      |  1.00e+00   |    0.00     
     216     |    1218     |    1.06     | 1.5818e+00  | 4.6110e+01  |      2      |  2.00e+00   |    0.00     
     217     |    1222     |    1.07     | 1.5661e+00  | 4.8116e+01  |      1      |  1.00e+00   |    0.00     
     218     |    1226     |    1.07     | 1.5438e+00  | 5.8148e+01  |      1      |  1.00e+00   |    0.00     
     219     |    1230     |    1.07     | 1.5344e+00  | 5.9147e+01  |      1      |  1.00e+00   |    0.00     
     220     |    1234     |    1.08     | 1.5267e+00  | 3.0904e+01  |      1      |  1.00e+00   |    0.00     
     221     |    1240     |    1.08     | 1.5171e+00  | 5.7077e+01  |      2      |  2.00e+00   |    0.00     
     222     |    1248     |    1.09     | 1.4945e+00  | 8.1044e+01  |      3      |  4.00e+00   |    0.00     
     223     |    1252     |    1.09     | 1.4726e+00  | 5.0978e+01  |      1      |  1.00e+00   |    0.00     
     224     |    1256     |    1.10     | 1.4600e+00  | 3.9578e+01  |      1      |  1.00e+00   |    0.00     
     225     |    1260     |    1.10     | 1.4487e+00  | 3.5811e+01  |      1      |  1.00e+00   |    0.00     
     226     |    1264     |    1.11     | 1.4394e+00  | 4.5929e+01  |      1      |  1.00e+00   |    0.00     
     227     |    1268     |    1.11     | 1.4254e+00  | 3.8147e+01  |      1      |  1.00e+00   |    0.00     
     228     |    1272     |    1.11     | 1.4159e+00  | 6.6502e+01  |      1      |  1.00e+00   |    0.00     
     229     |    1276     |    1.12     | 1.4058e+00  | 2.9174e+01  |      1      |  1.00e+00   |    0.00     
     230     |    1282     |    1.12     | 1.3956e+00  | 4.7593e+01  |      2      |  2.00e+00   |    0.00     
     231     |    1288     |    1.13     | 1.3789e+00  | 5.9078e+01  |      2      |  2.00e+00   |    0.00     
     232     |    1292     |    1.13     | 1.3655e+00  | 8.7033e+01  |      1      |  1.00e+00   |    0.00     
     233     |    1296     |    1.14     | 1.3506e+00  | 3.6726e+01  |      1      |  1.00e+00   |    0.00     
     234     |    1300     |    1.14     | 1.3421e+00  | 3.0911e+01  |      1      |  1.00e+00   |    0.00     
     235     |    1306     |    1.15     | 1.3303e+00  | 5.4736e+01  |      2      |  2.00e+00   |    0.00     
     236     |    1310     |    1.15     | 1.3223e+00  | 7.3297e+01  |      1      |  1.00e+00   |    0.00     
     237     |    1316     |    1.16     | 1.3057e+00  | 3.2078e+01  |      2      |  2.00e+00   |    0.00     
     238     |    1322     |    1.16     | 1.2969e+00  | 4.0177e+01  |      2      |  2.00e+00   |    0.00     
     239     |    1328     |    1.17     | 1.2822e+00  | 6.7801e+01  |      2      |  2.00e+00   |    0.00     
     240     |    1332     |    1.17     | 1.2693e+00  | 5.2980e+01  |      1      |  1.00e+00   |    0.00     
     241     |    1336     |    1.17     | 1.2596e+00  | 3.3401e+01  |      1      |  1.00e+00   |    0.00     
     242     |    1340     |    1.18     | 1.2543e+00  | 2.8057e+01  |      1      |  1.00e+00   |    0.00     
     243     |    1346     |    1.18     | 1.2427e+00  | 5.5654e+01  |      2      |  2.00e+00   |    0.00     
     244     |    1352     |    1.19     | 1.2254e+00  | 6.6805e+01  |      2      |  2.00e+00   |    0.00     
     245     |    1362     |    1.20     | 1.2155e+00  | 5.3406e+01  |      2      |  6.08e-01   |    0.00     
     246     |    1366     |    1.20     | 1.2074e+00  | 3.3663e+01  |      1      |  1.00e+00   |    0.00     
     247     |    1370     |    1.20     | 1.2001e+00  | 3.7570e+01  |      1      |  1.00e+00   |    0.00     
     248     |    1376     |    1.21     | 1.1839e+00  | 6.8605e+01  |      2      |  2.00e+00   |    0.00     
     249     |    1380     |    1.21     | 1.1710e+00  | 8.3459e+01  |      1      |  1.00e+00   |    0.00     
     250     |    1386     |    1.22     | 1.1490e+00  | 3.9013e+01  |      2      |  2.00e+00   |    0.00     
     251     |    1390     |    1.22     | 1.1442e+00  | 2.8595e+01  |      1      |  1.00e+00   |    0.00     
     252     |    1396     |    1.23     | 1.1380e+00  | 4.4764e+01  |      2      |  2.00e+00   |    0.00     
     253     |    1402     |    1.23     | 1.1238e+00  | 6.1871e+01  |      2      |  2.00e+00   |    0.00     
     254     |    1406     |    1.24     | 1.1109e+00  | 6.8794e+01  |      1      |  1.00e+00   |    0.00     
     255     |    1410     |    1.24     | 1.0991e+00  | 4.0032e+01  |      1      |  1.00e+00   |    0.00     
     256     |    1414     |    1.25     | 1.0941e+00  | 2.8439e+01  |      1      |  1.00e+00   |    0.00     
     257     |    1420     |    1.25     | 1.0851e+00  | 6.0777e+01  |      2      |  2.00e+00   |    0.00     
     258     |    1426     |    1.26     | 1.0707e+00  | 6.0196e+01  |      2      |  2.00e+00   |    0.00     
     259     |    1430     |    1.26     | 1.0508e+00  | 4.3314e+01  |      1      |  1.00e+00   |    0.00     
     260     |    1434     |    1.26     | 1.0444e+00  | 7.8890e+01  |      1      |  1.00e+00   |    0.00     
     261     |    1438     |    1.27     | 1.0348e+00  | 3.6941e+01  |      1      |  1.00e+00   |    0.00     
     262     |    1442     |    1.27     | 1.0286e+00  | 2.7481e+01  |      1      |  1.00e+00   |    0.00     
     263     |    1446     |    1.28     | 1.0219e+00  | 3.3981e+01  |      1      |  1.00e+00   |    0.00     
     264     |    1450     |    1.28     | 1.0128e+00  | 4.2710e+01  |      1      |  1.00e+00   |    0.00     
     265     |    1454     |    1.29     | 1.0065e+00  | 5.3978e+01  |      1      |  1.00e+00   |    0.00     
     266     |    1458     |    1.29     | 9.9894e-01  | 2.6100e+01  |      1      |  1.00e+00   |    0.00     
     267     |    1464     |    1.30     | 9.9179e-01  | 4.6099e+01  |      2      |  2.00e+00   |    0.00     
     268     |    1470     |    1.30     | 9.8096e-01  | 4.9064e+01  |      2      |  2.00e+00   |    0.00     
     269     |    1474     |    1.30     | 9.6665e-01  | 3.1585e+01  |      1      |  1.00e+00   |    0.00     
     270     |    1478     |    1.31     | 9.5827e-01  | 3.5100e+01  |      1      |  1.00e+00   |    0.00     
     271     |    1482     |    1.31     | 9.5288e-01  | 3.5005e+01  |      1      |  1.00e+00   |    0.00     
     272     |    1488     |    1.32     | 9.4421e-01  | 4.2684e+01  |      2      |  2.00e+00   |    0.00     
     273     |    1492     |    1.32     | 9.3607e-01  | 4.1943e+01  |      1      |  1.00e+00   |    0.00     
     274     |    1496     |    1.33     | 9.2559e-01  | 3.2017e+01  |      1      |  1.00e+00   |    0.00     
     275     |    1500     |    1.33     | 9.1556e-01  | 3.8011e+01  |      1      |  1.00e+00   |    0.00     
     276     |    1504     |    1.34     | 9.0627e-01  | 4.3824e+01  |      1      |  1.00e+00   |    0.00     
     277     |    1508     |    1.34     | 8.9654e-01  | 4.0773e+01  |      1      |  1.00e+00   |    0.00     
     278     |    1512     |    1.34     | 8.8536e-01  | 4.9640e+01  |      1      |  1.00e+00   |    0.00     
     279     |    1516     |    1.35     | 8.7365e-01  | 3.4582e+01  |      1      |  1.00e+00   |    0.00     
     280     |    1520     |    1.35     | 8.6308e-01  | 2.7212e+01  |      1      |  1.00e+00   |    0.00     
     281     |    1524     |    1.36     | 8.5795e-01  | 4.2030e+01  |      1      |  1.00e+00   |    0.00     
     282     |    1528     |    1.36     | 8.5363e-01  | 1.8815e+01  |      1      |  1.00e+00   |    0.00     
     283     |    1534     |    1.37     | 8.5034e-01  | 2.7920e+01  |      2      |  2.00e+00   |    0.00     
     284     |    1540     |    1.37     | 8.4174e-01  | 4.3704e+01  |      2      |  2.00e+00   |    0.00     
     285     |    1544     |    1.38     | 8.2456e-01  | 5.9661e+01  |      1      |  1.00e+00   |    0.00     
     286     |    1548     |    1.38     | 8.0722e-01  | 6.1344e+01  |      1      |  1.00e+00   |    0.00     
     287     |    1552     |    1.38     | 7.9551e-01  | 3.0111e+01  |      1      |  1.00e+00   |    0.00     
     288     |    1556     |    1.39     | 7.9071e-01  | 2.3658e+01  |      1      |  1.00e+00   |    0.00     
     289     |    1562     |    1.39     | 7.8658e-01  | 4.0046e+01  |      2      |  2.00e+00   |    0.00     
     290     |    1570     |    1.40     | 7.7166e-01  | 5.7414e+01  |      3      |  4.00e+00   |    0.00     
     291     |    1574     |    1.40     | 7.5802e-01  | 3.6689e+01  |      1      |  1.00e+00   |    0.00     
     292     |    1578     |    1.41     | 7.4723e-01  | 3.1049e+01  |      1      |  1.00e+00   |    0.00     
     293     |    1582     |    1.41     | 7.4166e-01  | 2.8523e+01  |      1      |  1.00e+00   |    0.00     
     294     |    1588     |    1.42     | 7.3409e-01  | 3.1516e+01  |      2      |  2.00e+00   |    0.00     
     295     |    1592     |    1.42     | 7.2821e-01  | 3.9465e+01  |      1      |  1.00e+00   |    0.00     
     296     |    1598     |    1.43     | 7.1832e-01  | 3.4008e+01  |      2      |  2.00e+00   |    0.00     
     297     |    1602     |    1.43     | 7.1305e-01  | 2.8292e+01  |      1      |  1.00e+00   |    0.00     
     298     |    1606     |    1.43     | 7.0860e-01  | 2.0987e+01  |      1      |  1.00e+00   |    0.00     
     299     |    1610     |    1.44     | 7.0232e-01  | 2.5373e+01  |      1      |  1.00e+00   |    0.00     
     300     |    1614     |    1.44     | 6.9487e-01  | 3.7050e+01  |      1      |  1.00e+00   |    0.00     
     301     |    1618     |    1.45     | 6.8718e-01  | 2.4433e+01  |      1      |  1.00e+00   |    0.00     
     302     |    1622     |    1.45     | 6.7813e-01  | 2.6764e+01  |      1      |  1.00e+00   |    0.00     
     303     |    1626     |    1.46     | 6.7164e-01  | 3.9324e+01  |      1      |  1.00e+00   |    0.00     
     304     |    1632     |    1.46     | 6.6291e-01  | 3.8926e+01  |      2      |  2.00e+00   |    0.00     
     305     |    1636     |    1.47     | 6.5712e-01  | 2.8775e+01  |      1      |  1.00e+00   |    0.00     
     306     |    1640     |    1.47     | 6.5236e-01  | 2.2225e+01  |      1      |  1.00e+00   |    0.00     
     307     |    1644     |    1.47     | 6.4811e-01  | 2.3477e+01  |      1      |  1.00e+00   |    0.00     
     308     |    1648     |    1.48     | 6.4211e-01  | 3.6304e+01  |      1      |  1.00e+00   |    0.00     
     309     |    1652     |    1.48     | 6.3456e-01  | 2.7985e+01  |      1      |  1.00e+00   |    0.00     
     310     |    1656     |    1.49     | 6.2490e-01  | 2.9359e+01  |      1      |  1.00e+00   |    0.00     
     311     |    1660     |    1.49     | 6.1506e-01  | 4.9541e+01  |      1      |  1.00e+00   |    0.00     
     312     |    1664     |    1.50     | 6.0619e-01  | 3.4742e+01  |      1      |  1.00e+00   |    0.00     
     313     |    1668     |    1.50     | 6.0031e-01  | 2.0973e+01  |      1      |  1.00e+00   |    0.00     
     314     |    1672     |    1.51     | 5.9666e-01  | 2.0988e+01  |      1      |  1.00e+00   |    0.00     
     315     |    1676     |    1.51     | 5.9417e-01  | 2.1216e+01  |      1      |  1.00e+00   |    0.00     
     316     |    1682     |    1.52     | 5.8607e-01  | 3.6883e+01  |      2      |  2.00e+00   |    0.00     
     317     |    1686     |    1.52     | 5.7545e-01  | 4.1774e+01  |      1      |  1.00e+00   |    0.00     
     318     |    1696     |    1.53     | 5.6691e-01  | 5.0347e+01  |      2      |  5.57e-01   |    0.00     
     319     |    1700     |    1.53     | 5.5853e-01  | 2.1282e+01  |      1      |  1.00e+00   |    0.00     
     320     |    1704     |    1.54     | 5.5475e-01  | 1.8213e+01  |      1      |  1.00e+00   |    0.00     
     321     |    1708     |    1.54     | 5.5104e-01  | 2.1450e+01  |      1      |  1.00e+00   |    0.00     
     322     |    1712     |    1.55     | 5.4638e-01  | 2.6742e+01  |      1      |  1.00e+00   |    0.00     
     323     |    1718     |    1.55     | 5.3699e-01  | 3.6013e+01  |      2      |  2.00e+00   |    0.00     
     324     |    1722     |    1.56     | 5.2764e-01  | 3.6049e+01  |      1      |  1.00e+00   |    0.00     
     325     |    1726     |    1.56     | 5.1628e-01  | 3.0602e+01  |      1      |  1.00e+00   |    0.00     
     326     |    1736     |    1.57     | 5.1176e-01  | 3.5582e+01  |      2      |  5.18e-01   |    0.00     
     327     |    1740     |    1.57     | 5.0764e-01  | 1.7476e+01  |      1      |  1.00e+00   |    0.00     
     328     |    1746     |    1.58     | 5.0434e-01  | 2.2343e+01  |      2      |  2.00e+00   |    0.00     
     329     |    1752     |    1.58     | 4.9822e-01  | 3.6381e+01  |      2      |  2.00e+00   |    0.00     
     330     |    1756     |    1.59     | 4.8990e-01  | 3.7750e+01  |      1      |  1.00e+00   |    0.00     
     331     |    1760     |    1.59     | 4.7847e-01  | 2.7345e+01  |      1      |  1.00e+00   |    0.00     
     332     |    1764     |    1.60     | 4.7562e-01  | 4.2274e+01  |      1      |  1.00e+00   |    0.00     
     333     |    1770     |    1.60     | 4.7048e-01  | 2.3211e+01  |      2      |  2.00e+00   |    0.00     
     334     |    1778     |    1.61     | 4.6100e-01  | 2.2898e+01  |      3      |  4.00e+00   |    0.00     
     335     |    1782     |    1.61     | 4.5340e-01  | 2.3598e+01  |      1      |  1.00e+00   |    0.00     
     336     |    1792     |    1.62     | 4.5017e-01  | 2.3087e+01  |      2      |  5.42e-01   |    0.00     
     337     |    1798     |    1.62     | 4.4620e-01  | 2.0286e+01  |      2      |  2.00e+00   |    0.00     
     338     |    1806     |    1.63     | 4.3797e-01  | 3.6147e+01  |      3      |  4.00e+00   |    0.00     
     339     |    1810     |    1.63     | 4.2893e-01  | 2.8733e+01  |      1      |  1.00e+00   |    0.00     
     340     |    1814     |    1.64     | 4.2241e-01  | 2.2389e+01  |      1      |  1.00e+00   |    0.00     
     341     |    1818     |    1.64     | 4.1798e-01  | 2.9252e+01  |      1      |  1.00e+00   |    0.00     
     342     |    1822     |    1.64     | 4.1426e-01  | 1.7113e+01  |      1      |  1.00e+00   |    0.00     
     343     |    1826     |    1.65     | 4.1059e-01  | 1.3927e+01  |      1      |  1.00e+00   |    0.00     
     344     |    1830     |    1.65     | 4.0691e-01  | 2.0159e+01  |      1      |  1.00e+00   |    0.00     
     345     |    1834     |    1.66     | 4.0213e-01  | 3.2280e+01  |      1      |  1.00e+00   |    0.00     
     346     |    1840     |    1.66     | 3.9211e-01  | 3.4407e+01  |      2      |  2.00e+00   |    0.00     
     347     |    1844     |    1.67     | 3.8383e-01  | 2.2442e+01  |      1      |  1.00e+00   |    0.00     
     348     |    1848     |    1.67     | 3.7882e-01  | 1.9648e+01  |      1      |  1.00e+00   |    0.00     
     349     |    1852     |    1.68     | 3.7667e-01  | 1.6115e+01  |      1      |  1.00e+00   |    0.00     
     350     |    1858     |    1.68     | 3.7379e-01  | 1.8780e+01  |      2      |  2.00e+00   |    0.00     
     351     |    1862     |    1.68     | 3.6983e-01  | 2.1957e+01  |      1      |  1.00e+00   |    0.00     
     352     |    1866     |    1.69     | 3.6273e-01  | 2.9508e+01  |      1      |  1.00e+00   |    0.00     
     353     |    1870     |    1.69     | 3.5704e-01  | 3.4488e+01  |      1      |  1.00e+00   |    0.00     
     354     |    1874     |    1.70     | 3.5243e-01  | 1.7245e+01  |      1      |  1.00e+00   |    0.00     
     355     |    1878     |    1.70     | 3.5046e-01  | 1.3277e+01  |      1      |  1.00e+00   |    0.00     
     356     |    1884     |    1.71     | 3.4775e-01  | 2.3253e+01  |      2      |  2.00e+00   |    0.00     
     357     |    1888     |    1.71     | 3.4408e-01  | 2.9555e+01  |      1      |  1.00e+00   |    0.00     
     358     |    1894     |    1.72     | 3.3374e-01  | 3.0527e+01  |      2      |  2.00e+00   |    0.00     
     359     |    1898     |    1.72     | 3.2601e-01  | 2.5099e+01  |      1      |  1.00e+00   |    0.00     
     360     |    1902     |    1.72     | 3.2272e-01  | 2.5841e+01  |      1      |  1.00e+00   |    0.00     
     361     |    1906     |    1.73     | 3.2024e-01  | 1.3584e+01  |      1      |  1.00e+00   |    0.00     
     362     |    1912     |    1.73     | 3.1743e-01  | 2.0954e+01  |      2      |  2.00e+00   |    0.00     
     363     |    1920     |    1.74     | 3.1129e-01  | 2.8432e+01  |      3      |  4.00e+00   |    0.00     
     364     |    1924     |    1.74     | 3.0609e-01  | 2.0274e+01  |      1      |  1.00e+00   |    0.00     
     365     |    1930     |    1.75     | 3.0109e-01  | 2.2389e+01  |      2      |  2.00e+00   |    0.00     
     366     |    1934     |    1.75     | 2.9867e-01  | 2.7871e+01  |      1      |  1.00e+00   |    0.00     
     367     |    1938     |    1.76     | 2.9618e-01  | 1.3492e+01  |      1      |  1.00e+00   |    0.00     
     368     |    1944     |    1.76     | 2.9345e-01  | 1.9932e+01  |      2      |  2.00e+00   |    0.00     
     369     |    1950     |    1.77     | 2.8901e-01  | 2.0821e+01  |      2      |  2.00e+00   |    0.00     
     370     |    1954     |    1.77     | 2.8486e-01  | 3.2196e+01  |      1      |  1.00e+00   |    0.00     
     371     |    1958     |    1.78     | 2.8072e-01  | 1.4946e+01  |      1      |  1.00e+00   |    0.00     
     372     |    1964     |    1.78     | 2.7716e-01  | 2.1236e+01  |      2      |  2.00e+00   |    0.00     
     373     |    1970     |    1.79     | 2.7197e-01  | 2.1744e+01  |      2      |  2.00e+00   |    0.00     
     374     |    1974     |    1.79     | 2.6687e-01  | 2.8982e+01  |      1      |  1.00e+00   |    0.00     
     375     |    1978     |    1.79     | 2.6225e-01  | 1.6820e+01  |      1      |  1.00e+00   |    0.00     
     376     |    1982     |    1.80     | 2.5955e-01  | 1.3230e+01  |      1      |  1.00e+00   |    0.00     
     377     |    1986     |    1.80     | 2.5748e-01  | 1.4682e+01  |      1      |  1.00e+00   |    0.00     
     378     |    1990     |    1.81     | 2.5516e-01  | 1.6043e+01  |      1      |  1.00e+00   |    0.00     
     379     |    1996     |    1.81     | 2.5060e-01  | 2.5376e+01  |      2      |  2.00e+00   |    0.00     
     380     |    2000     |    1.82     | 2.4606e-01  | 3.0620e+01  |      1      |  1.00e+00   |    0.00     
     381     |    2006     |    1.82     | 2.3887e-01  | 2.1137e+01  |      2      |  2.00e+00   |    0.00     
     382     |    2010     |    1.83     | 2.3482e-01  | 1.7346e+01  |      1      |  1.00e+00   |    0.00     
     383     |    2014     |    1.83     | 2.3182e-01  | 1.3773e+01  |      1      |  1.00e+00   |    0.00     
     384     |    2018     |    1.83     | 2.2998e-01  | 1.2357e+01  |      1      |  1.00e+00   |    0.00     
     385     |    2022     |    1.84     | 2.2817e-01  | 1.1527e+01  |      1      |  1.00e+00   |    0.00     
     386     |    2026     |    1.84     | 2.2521e-01  | 1.5088e+01  |      1      |  1.00e+00   |    0.00     
     387     |    2030     |    1.85     | 2.2201e-01  | 2.5087e+01  |      1      |  1.00e+00   |    0.00     
     388     |    2036     |    1.85     | 2.1491e-01  | 2.5209e+01  |      2      |  2.00e+00   |    0.00     
     389     |    2040     |    1.86     | 2.0969e-01  | 1.5664e+01  |      1      |  1.00e+00   |    0.00     
     390     |    2044     |    1.86     | 2.0593e-01  | 1.2845e+01  |      1      |  1.00e+00   |    0.00     
     391     |    2048     |    1.86     | 2.0334e-01  | 1.7828e+01  |      1      |  1.00e+00   |    0.00     
     392     |    2052     |    1.87     | 2.0151e-01  | 1.0977e+01  |      1      |  1.00e+00   |    0.00     
     393     |    2058     |    1.87     | 1.9977e-01  | 1.4566e+01  |      2      |  2.00e+00   |    0.00     
     394     |    2064     |    1.88     | 1.9736e-01  | 1.7768e+01  |      2      |  2.00e+00   |    0.00     
     395     |    2070     |    1.88     | 1.9272e-01  | 1.6480e+01  |      2      |  2.00e+00   |    0.00     
     396     |    2076     |    1.89     | 1.8688e-01  | 2.2074e+01  |      2      |  2.00e+00   |    0.00     
     397     |    2086     |    1.90     | 1.8407e-01  | 1.9951e+01  |      2      |  6.45e-01   |    0.00     
     398     |    2090     |    1.90     | 1.8147e-01  | 1.0516e+01  |      1      |  1.00e+00   |    0.00     
     399     |    2094     |    1.90     | 1.7953e-01  | 9.3738e+00  |      1      |  1.00e+00   |    0.00     
     400     |    2098     |    1.91     | 1.7767e-01  | 1.3091e+01  |      1      |  1.00e+00   |    0.00     
     401     |    2102     |    1.91     | 1.7429e-01  | 1.5079e+01  |      1      |  1.00e+00   |    0.00     
     402     |    2106     |    1.92     | 1.7024e-01  | 2.4105e+01  |      1      |  1.00e+00   |    0.00     
     403     |    2110     |    1.92     | 1.6620e-01  | 1.2306e+01  |      1      |  1.00e+00   |    0.00     
     404     |    2114     |    1.93     | 1.6437e-01  | 9.1716e+00  |      1      |  1.00e+00   |    0.00     
     405     |    2118     |    1.93     | 1.6301e-01  | 1.0160e+01  |      1      |  1.00e+00   |    0.00     
     406     |    2122     |    1.93     | 1.6147e-01  | 1.1188e+01  |      1      |  1.00e+00   |    0.00     
     407     |    2126     |    1.94     | 1.5885e-01  | 1.7021e+01  |      1      |  1.00e+00   |    0.00     
     408     |    2130     |    1.94     | 1.5517e-01  | 1.3968e+01  |      1      |  1.00e+00   |    0.00     
     409     |    2134     |    1.95     | 1.5211e-01  | 1.1953e+01  |      1      |  1.00e+00   |    0.00     
     410     |    2138     |    1.95     | 1.4939e-01  | 1.4756e+01  |      1      |  1.00e+00   |    0.00     
     411     |    2142     |    1.95     | 1.4718e-01  | 1.0694e+01  |      1      |  1.00e+00   |    0.00     
     412     |    2146     |    1.96     | 1.4535e-01  | 9.5330e+00  |      1      |  1.00e+00   |    0.00     
     413     |    2150     |    1.96     | 1.4345e-01  | 1.1801e+01  |      1      |  1.00e+00   |    0.00     
     414     |    2154     |    1.97     | 1.4111e-01  | 1.2223e+01  |      1      |  1.00e+00   |    0.00     
     415     |    2158     |    1.97     | 1.3828e-01  | 1.1805e+01  |      1      |  1.00e+00   |    0.00     
     416     |    2162     |    1.98     | 1.3536e-01  | 1.5694e+01  |      1      |  1.00e+00   |    0.00     
     417     |    2166     |    1.98     | 1.3322e-01  | 1.2595e+01  |      1      |  1.00e+00   |    0.00     
     418     |    2172     |    1.99     | 1.3096e-01  | 1.0567e+01  |      2      |  2.00e+00   |    0.00     
     419     |    2176     |    1.99     | 1.2944e-01  | 9.5802e+00  |      1      |  1.00e+00   |    0.00     
     420     |    2180     |    1.99     | 1.2785e-01  | 9.0428e+00  |      1      |  1.00e+00   |    0.00     
     421     |    2184     |    2.00     | 1.2555e-01  | 1.0891e+01  |      1      |  1.00e+00   |    0.00     
     422     |    2188     |    2.00     | 1.2311e-01  | 1.5328e+01  |      1      |  1.00e+00   |    0.00     
     423     |    2192     |    2.01     | 1.2076e-01  | 8.4409e+00  |      1      |  1.00e+00   |    0.00     
     424     |    2196     |    2.01     | 1.1882e-01  | 7.5195e+00  |      1      |  1.00e+00   |    0.00     
     425     |    2200     |    2.01     | 1.1735e-01  | 9.9774e+00  |      1      |  1.00e+00   |    0.00     
     426     |    2204     |    2.02     | 1.1512e-01  | 1.1072e+01  |      1      |  1.00e+00   |    0.00     
     427     |    2208     |    2.02     | 1.1239e-01  | 1.1676e+01  |      1      |  1.00e+00   |    0.00     
     428     |    2212     |    2.03     | 1.0985e-01  | 9.9253e+00  |      1      |  1.00e+00   |    0.00     
     429     |    2216     |    2.03     | 1.0844e-01  | 1.2085e+01  |      1      |  1.00e+00   |    0.00     
     430     |    2220     |    2.04     | 1.0710e-01  | 8.6995e+00  |      1      |  1.00e+00   |    0.00     
     431     |    2224     |    2.04     | 1.0576e-01  | 7.2982e+00  |      1      |  1.00e+00   |    0.00     
     432     |    2228     |    2.04     | 1.0389e-01  | 1.1407e+01  |      1      |  1.00e+00   |    0.00     
     433     |    2232     |    2.05     | 1.0246e-01  | 1.3230e+01  |      1      |  1.00e+00   |    0.00     
     434     |    2238     |    2.05     | 1.0073e-01  | 1.0348e+01  |      2      |  2.00e+00   |    0.00     
     435     |    2244     |    2.06     | 9.9199e-02  | 7.9946e+00  |      2      |  2.00e+00   |    0.00     
     436     |    2250     |    2.06     | 9.6976e-02  | 1.1209e+01  |      2      |  2.00e+00   |    0.00     
     437     |    2254     |    2.07     | 9.4745e-02  | 1.2320e+01  |      1      |  1.00e+00   |    0.00     
     438     |    2258     |    2.07     | 9.2717e-02  | 7.5386e+00  |      1      |  1.00e+00   |    0.00     
     439     |    2262     |    2.08     | 9.0978e-02  | 8.3728e+00  |      1      |  1.00e+00   |    0.00     
     440     |    2266     |    2.08     | 8.9720e-02  | 1.0662e+01  |      1      |  1.00e+00   |    0.00     
     441     |    2272     |    2.09     | 8.8067e-02  | 7.5276e+00  |      2      |  2.00e+00   |    0.00     
     442     |    2276     |    2.09     | 8.7036e-02  | 6.4447e+00  |      1      |  1.00e+00   |    0.00     
     443     |    2280     |    2.09     | 8.5490e-02  | 7.5938e+00  |      1      |  1.00e+00   |    0.00     
     444     |    2284     |    2.10     | 8.3730e-02  | 1.4109e+01  |      1      |  1.00e+00   |    0.00     
     445     |    2288     |    2.10     | 8.1386e-02  | 9.1469e+00  |      1      |  1.00e+00   |    0.00     
     446     |    2292     |    2.11     | 7.9252e-02  | 7.3661e+00  |      1      |  1.00e+00   |    0.00     
     447     |    2296     |    2.11     | 7.8204e-02  | 1.1434e+01  |      1      |  1.00e+00   |    0.00     
     448     |    2300     |    2.12     | 7.7263e-02  | 5.6018e+00  |      1      |  1.00e+00   |    0.00     
     449     |    2304     |    2.12     | 7.6523e-02  | 5.3400e+00  |      1      |  1.00e+00   |    0.00     
     450     |    2310     |    2.12     | 7.5333e-02  | 9.1517e+00  |      2      |  2.00e+00   |    0.00     
     451     |    2316     |    2.13     | 7.3300e-02  | 1.1240e+01  |      2      |  2.00e+00   |    0.00     
     452     |    2320     |    2.13     | 7.0426e-02  | 7.1489e+00  |      1      |  1.00e+00   |    0.00     
     453     |    2324     |    2.14     | 6.8808e-02  | 1.3139e+01  |      1      |  1.00e+00   |    0.00     
     454     |    2328     |    2.14     | 6.7829e-02  | 1.1045e+01  |      1      |  1.00e+00   |    0.00     
     455     |    2332     |    2.15     | 6.7072e-02  | 5.7720e+00  |      1      |  1.00e+00   |    0.00     
     456     |    2336     |    2.15     | 6.6376e-02  | 4.7129e+00  |      1      |  1.00e+00   |    0.00     
     457     |    2342     |    2.16     | 6.5428e-02  | 7.0166e+00  |      2      |  2.00e+00   |    0.00     
     458     |    2346     |    2.16     | 6.4313e-02  | 7.7958e+00  |      1      |  1.00e+00   |    0.00     
     459     |    2350     |    2.16     | 6.2287e-02  | 7.3718e+00  |      1      |  1.00e+00   |    0.00     
     460     |    2354     |    2.17     | 6.0916e-02  | 9.6097e+00  |      1      |  1.00e+00   |    0.00     
     461     |    2360     |    2.17     | 5.9269e-02  | 7.6513e+00  |      2      |  2.00e+00   |    0.00     
     462     |    2364     |    2.18     | 5.8090e-02  | 5.3707e+00  |      1      |  1.00e+00   |    0.00     
     463     |    2368     |    2.18     | 5.7385e-02  | 5.0688e+00  |      1      |  1.00e+00   |    0.00     
     464     |    2374     |    2.19     | 5.6234e-02  | 7.0110e+00  |      2      |  2.00e+00   |    0.00     
     465     |    2378     |    2.19     | 5.5011e-02  | 7.4756e+00  |      1      |  1.00e+00   |    0.00     
     466     |    2382     |    2.20     | 5.3559e-02  | 5.3466e+00  |      1      |  1.00e+00   |    0.00     
     467     |    2386     |    2.20     | 5.2709e-02  | 7.4405e+00  |      1      |  1.00e+00   |    0.00     
     468     |    2390     |    2.20     | 5.1886e-02  | 5.3406e+00  |      1      |  1.00e+00   |    0.00     
     469     |    2394     |    2.21     | 5.0675e-02  | 5.4495e+00  |      1      |  1.00e+00   |    0.00     
     470     |    2398     |    2.21     | 4.9233e-02  | 6.7863e+00  |      1      |  1.00e+00   |    0.00     
     471     |    2408     |    2.22     | 4.8345e-02  | 9.1949e+00  |      2      |  4.25e-01   |    0.00     
     472     |    2412     |    2.22     | 4.7199e-02  | 5.2625e+00  |      1      |  1.00e+00   |    0.00     
     473     |    2416     |    2.23     | 4.6294e-02  | 4.3549e+00  |      1      |  1.00e+00   |    0.00     
     474     |    2420     |    2.23     | 4.5669e-02  | 6.5829e+00  |      1      |  1.00e+00   |    0.00     
     475     |    2426     |    2.24     | 4.4792e-02  | 6.9214e+00  |      2      |  2.00e+00   |    0.00     
     476     |    2430     |    2.24     | 4.4067e-02  | 4.2828e+00  |      1      |  1.00e+00   |    0.00     
     477     |    2434     |    2.25     | 4.3303e-02  | 4.6148e+00  |      1      |  1.00e+00   |    0.00     
     478     |    2438     |    2.25     | 4.2525e-02  | 7.5760e+00  |      1      |  1.00e+00   |    0.00     
     479     |    2444     |    2.26     | 4.1136e-02  | 5.5555e+00  |      2      |  2.00e+00   |    0.00     
     480     |    2450     |    2.26     | 3.9684e-02  | 6.8733e+00  |      2      |  2.00e+00   |    0.00     
     481     |    2454     |    2.26     | 3.8561e-02  | 5.7207e+00  |      1      |  1.00e+00   |    0.00     
     482     |    2458     |    2.27     | 3.7755e-02  | 4.3552e+00  |      1      |  1.00e+00   |    0.00     
     483     |    2462     |    2.27     | 3.6892e-02  | 4.1041e+00  |      1      |  1.00e+00   |    0.00     
     484     |    2466     |    2.28     | 3.6360e-02  | 6.9577e+00  |      1      |  1.00e+00   |    0.00     
     485     |    2470     |    2.28     | 3.5834e-02  | 3.4997e+00  |      1      |  1.00e+00   |    0.00     
     486     |    2474     |    2.29     | 3.5340e-02  | 3.5834e+00  |      1      |  1.00e+00   |    0.00     
     487     |    2480     |    2.29     | 3.4393e-02  | 6.1663e+00  |      2      |  2.00e+00   |    0.00     
     488     |    2486     |    2.30     | 3.2859e-02  | 5.6297e+00  |      2      |  2.00e+00   |    0.00     
     489     |    2496     |    2.30     | 3.2173e-02  | 4.9180e+00  |      2      |  4.80e-01   |    0.00     
     490     |    2500     |    2.31     | 3.1729e-02  | 2.6223e+00  |      1      |  1.00e+00   |    0.00     
     491     |    2506     |    2.31     | 3.1310e-02  | 4.0526e+00  |      2      |  2.00e+00   |    0.00     
     492     |    2512     |    2.32     | 3.0578e-02  | 4.5787e+00  |      2      |  2.00e+00   |    0.00     
     493     |    2516     |    2.32     | 2.9545e-02  | 3.9125e+00  |      1      |  1.00e+00   |    0.00     
     494     |    2520     |    2.33     | 2.8760e-02  | 4.6986e+00  |      1      |  1.00e+00   |    0.00     
     495     |    2524     |    2.33     | 2.7955e-02  | 4.1309e+00  |      1      |  1.00e+00   |    0.00     
     496     |    2528     |    2.33     | 2.7298e-02  | 3.4097e+00  |      1      |  1.00e+00   |    0.00     
     497     |    2532     |    2.34     | 2.6863e-02  | 4.0949e+00  |      1      |  1.00e+00   |    0.00     
     498     |    2536     |    2.34     | 2.6560e-02  | 3.6398e+00  |      1      |  1.00e+00   |    0.00     
     499     |    2542     |    2.35     | 2.6061e-02  | 4.5419e+00  |      2      |  2.00e+00   |    0.00     
     500     |    2546     |    2.35     | 2.5634e-02  | 5.1910e+00  |      1      |  1.00e+00   |    0.00     
     501     |    2552     |    2.36     | 2.5038e-02  | 3.5592e+00  |      2      |  2.00e+00   |    0.00     
     502     |    2558     |    2.36     | 2.4598e-02  | 3.0353e+00  |      2      |  2.00e+00   |    0.00     
     503     |    2564     |    2.37     | 2.3653e-02  | 4.7593e+00  |      2      |  2.00e+00   |    0.00     
     504     |    2568     |    2.37     | 2.2984e-02  | 4.4482e+00  |      1      |  1.00e+00   |    0.00     
     505     |    2574     |    2.38     | 2.2324e-02  | 3.2542e+00  |      2      |  2.00e+00   |    0.00     
     506     |    2578     |    2.38     | 2.1859e-02  | 2.4405e+00  |      1      |  1.00e+00   |    0.00     
     507     |    2582     |    2.39     | 2.1341e-02  | 3.0109e+00  |      1      |  1.00e+00   |    0.00     
     508     |    2586     |    2.39     | 2.0960e-02  | 3.1185e+00  |      1      |  1.00e+00   |    0.00     
     509     |    2592     |    2.40     | 2.0531e-02  | 2.6770e+00  |      2      |  2.00e+00   |    0.00     
     510     |    2598     |    2.40     | 1.9966e-02  | 2.8501e+00  |      2      |  2.00e+00   |    0.00     
     511     |    2604     |    2.41     | 1.9123e-02  | 3.4523e+00  |      2      |  2.00e+00   |    0.00     
     512     |    2614     |    2.41     | 1.8649e-02  | 3.1625e+00  |      2      |  6.27e-01   |    0.00     
     513     |    2618     |    2.42     | 1.8261e-02  | 1.9248e+00  |      1      |  1.00e+00   |    0.00     
     514     |    2622     |    2.42     | 1.7914e-02  | 1.7902e+00  |      1      |  1.00e+00   |    0.00     
     515     |    2626     |    2.43     | 1.7590e-02  | 3.9993e+00  |      1      |  1.00e+00   |    0.00     
     516     |    2630     |    2.43     | 1.7216e-02  | 2.1727e+00  |      1      |  1.00e+00   |    0.00     
     517     |    2634     |    2.44     | 1.6861e-02  | 1.8942e+00  |      1      |  1.00e+00   |    0.00     
     518     |    2638     |    2.44     | 1.6507e-02  | 2.3714e+00  |      1      |  1.00e+00   |    0.00     
     519     |    2642     |    2.45     | 1.6190e-02  | 5.3165e+00  |      1      |  1.00e+00   |    0.00     
     520     |    2646     |    2.45     | 1.5674e-02  | 2.2060e+00  |      1      |  1.00e+00   |    0.00     
     521     |    2650     |    2.46     | 1.5384e-02  | 1.4894e+00  |      1      |  1.00e+00   |    0.00     
     522     |    2654     |    2.46     | 1.5111e-02  | 1.7888e+00  |      1      |  1.00e+00   |    0.00     
     523     |    2664     |    2.47     | 1.4982e-02  | 3.0196e+00  |      2      |  3.56e-01   |    0.00     
     524     |    2668     |    2.47     | 1.4768e-02  | 1.8878e+00  |      1      |  1.00e+00   |    0.00     
     525     |    2674     |    2.48     | 1.4413e-02  | 2.2583e+00  |      2      |  2.00e+00   |    0.00     
     526     |    2680     |    2.48     | 1.3928e-02  | 1.8575e+00  |      2      |  2.00e+00   |    0.00     
     527     |    2684     |    2.49     | 1.3628e-02  | 4.2635e+00  |      1      |  1.00e+00   |    0.00     
     528     |    2688     |    2.49     | 1.3294e-02  | 1.8207e+00  |      1      |  1.00e+00   |    0.00     
     529     |    2694     |    2.50     | 1.3042e-02  | 2.1039e+00  |      2      |  2.00e+00   |    0.00     
     530     |    2700     |    2.50     | 1.2662e-02  | 2.3553e+00  |      2      |  2.00e+00   |    0.00     
     531     |    2710     |    2.51     | 1.2417e-02  | 3.1404e+00  |      2      |  5.98e-01   |    0.00     
     532     |    2714     |    2.51     | 1.2121e-02  | 1.5746e+00  |      1      |  1.00e+00   |    0.00     
     533     |    2718     |    2.52     | 1.1925e-02  | 1.2648e+00  |      1      |  1.00e+00   |    0.00     
     534     |    2722     |    2.52     | 1.1788e-02  | 1.7721e+00  |      1      |  1.00e+00   |    0.00     
     535     |    2726     |    2.52     | 1.1601e-02  | 1.3689e+00  |      1      |  1.00e+00   |    0.00     
     536     |    2730     |    2.53     | 1.1347e-02  | 1.3363e+00  |      1      |  1.00e+00   |    0.00     
     537     |    2734     |    2.53     | 1.1004e-02  | 2.0471e+00  |      1      |  1.00e+00   |    0.00     
     538     |    2738     |    2.54     | 1.0580e-02  | 2.2356e+00  |      1      |  1.00e+00   |    0.00     
     539     |    2742     |    2.54     | 1.0236e-02  | 1.6649e+00  |      1      |  1.00e+00   |    0.00     
     540     |    2746     |    2.55     | 9.9578e-03  | 1.2070e+00  |      1      |  1.00e+00   |    0.00     
     541     |    2750     |    2.55     | 9.7872e-03  | 1.2858e+00  |      1      |  1.00e+00   |    0.00     
     542     |    2754     |    2.55     | 9.6224e-03  | 1.3673e+00  |      1      |  1.00e+00   |    0.00     
     543     |    2758     |    2.56     | 9.4252e-03  | 1.3561e+00  |      1      |  1.00e+00   |    0.00     
     544     |    2762     |    2.56     | 9.1822e-03  | 1.7847e+00  |      1      |  1.00e+00   |    0.00     
     545     |    2766     |    2.57     | 9.0187e-03  | 2.3157e+00  |      1      |  1.00e+00   |    0.00     
     546     |    2770     |    2.57     | 8.8481e-03  | 1.3066e+00  |      1      |  1.00e+00   |    0.00     
     547     |    2774     |    2.57     | 8.7291e-03  | 1.2328e+00  |      1      |  1.00e+00   |    0.00     
     548     |    2780     |    2.58     | 8.4951e-03  | 1.3039e+00  |      2      |  2.00e+00   |    0.00     
     549     |    2786     |    2.59     | 8.2187e-03  | 2.2148e+00  |      2      |  2.00e+00   |    0.00     
     550     |    2790     |    2.59     | 7.9033e-03  | 1.1366e+00  |      1      |  1.00e+00   |    0.00     
     551     |    2794     |    2.59     | 7.7197e-03  | 1.0243e+00  |      1      |  1.00e+00   |    0.00     
     552     |    2798     |    2.60     | 7.5745e-03  | 1.4667e+00  |      1      |  1.00e+00   |    0.00     
     553     |    2802     |    2.60     | 7.4191e-03  | 9.6395e-01  |      1      |  1.00e+00   |    0.00     
     554     |    2806     |    2.61     | 7.2457e-03  | 8.6978e-01  |      1      |  1.00e+00   |    0.00     
     555     |    2810     |    2.61     | 7.1097e-03  | 1.6660e+00  |      1      |  1.00e+00   |    0.00     
     556     |    2816     |    2.62     | 6.9020e-03  | 1.1299e+00  |      2      |  2.00e+00   |    0.00     
     557     |    2820     |    2.62     | 6.7753e-03  | 9.2245e-01  |      1      |  1.00e+00   |    0.00     
     558     |    2824     |    2.62     | 6.5924e-03  | 1.0701e+00  |      1      |  1.00e+00   |    0.00     
     559     |    2828     |    2.63     | 6.4194e-03  | 1.1645e+00  |      1      |  1.00e+00   |    0.00     
     560     |    2832     |    2.63     | 6.1836e-03  | 9.6957e-01  |      1      |  1.00e+00   |    0.00     
     561     |    2842     |    2.64     | 6.0361e-03  | 1.4865e+00  |      2      |  6.61e-01   |    0.00     
     562     |    2846     |    2.64     | 5.8802e-03  | 7.2742e-01  |      1      |  1.00e+00   |    0.00     
     563     |    2850     |    2.65     | 5.7905e-03  | 6.2284e-01  |      1      |  1.00e+00   |    0.00     
     564     |    2854     |    2.65     | 5.6829e-03  | 1.0416e+00  |      1      |  1.00e+00   |    0.00     
     565     |    2858     |    2.66     | 5.5450e-03  | 9.2632e-01  |      1      |  1.00e+00   |    0.00     
     566     |    2862     |    2.66     | 5.3969e-03  | 9.1531e-01  |      1      |  1.00e+00   |    0.00     
     567     |    2872     |    2.67     | 5.2919e-03  | 1.6435e+00  |      2      |  6.27e-01   |    0.00     
     568     |    2876     |    2.67     | 5.1836e-03  | 8.4040e-01  |      1      |  1.00e+00   |    0.00     
     569     |    2882     |    2.68     | 5.0699e-03  | 9.1831e-01  |      2      |  2.00e+00   |    0.00     
     570     |    2888     |    2.68     | 4.9280e-03  | 6.1158e-01  |      2      |  2.00e+00   |    0.00     
     571     |    2892     |    2.69     | 4.7742e-03  | 6.4195e-01  |      1      |  1.00e+00   |    0.00     
     572     |    2896     |    2.69     | 4.6678e-03  | 1.0448e+00  |      1      |  1.00e+00   |    0.00     
     573     |    2902     |    2.70     | 4.5161e-03  | 6.8126e-01  |      2      |  2.00e+00   |    0.00     
     574     |    2906     |    2.70     | 4.4291e-03  | 5.7361e-01  |      1      |  1.00e+00   |    0.00     
     575     |    2910     |    2.70     | 4.3161e-03  | 7.1844e-01  |      1      |  1.00e+00   |    0.00     
     576     |    2914     |    2.71     | 4.2038e-03  | 6.4385e-01  |      1      |  1.00e+00   |    0.00     
     577     |    2918     |    2.71     | 4.0794e-03  | 5.8519e-01  |      1      |  1.00e+00   |    0.00     
     578     |    2922     |    2.72     | 3.9761e-03  | 1.2188e+00  |      1      |  1.00e+00   |    0.00     
     579     |    2926     |    2.72     | 3.8669e-03  | 6.5165e-01  |      1      |  1.00e+00   |    0.00     
     580     |    2932     |    2.73     | 3.7927e-03  | 6.0244e-01  |      2      |  2.00e+00   |    0.00     
     581     |    2938     |    2.73     | 3.7006e-03  | 7.2966e-01  |      2      |  2.00e+00   |    0.00     
     582     |    2942     |    2.73     | 3.5935e-03  | 7.1928e-01  |      1      |  1.00e+00   |    0.00     
     583     |    2948     |    2.74     | 3.4382e-03  | 6.8177e-01  |      2      |  2.00e+00   |    0.00     
     584     |    2952     |    2.74     | 3.3118e-03  | 5.9319e-01  |      1      |  1.00e+00   |    0.00     
     585     |    2956     |    2.75     | 3.1687e-03  | 7.4499e-01  |      1      |  1.00e+00   |    0.00     
     586     |    2960     |    2.75     | 3.1319e-03  | 8.1366e-01  |      1      |  1.00e+00   |    0.00     
     587     |    2964     |    2.76     | 3.0936e-03  | 3.6197e-01  |      1      |  1.00e+00   |    0.00     
     588     |    2970     |    2.76     | 3.0495e-03  | 5.2856e-01  |      2      |  2.00e+00   |    0.00     
     589     |    2978     |    2.77     | 2.9596e-03  | 5.7930e-01  |      3      |  4.00e+00   |    0.00     
     590     |    2988     |    2.77     | 2.9227e-03  | 6.4988e-01  |      2      |  5.05e-01   |    0.00     
     591     |    2994     |    2.78     | 2.8507e-03  | 5.0603e-01  |      2      |  2.00e+00   |    0.00     
     592     |    3000     |    2.78     | 2.7641e-03  | 5.0083e-01  |      2      |  2.00e+00   |    0.00     
     593     |    3006     |    2.79     | 2.6216e-03  | 4.5697e-01  |      2      |  2.00e+00   |    0.00     
     594     |    3010     |    2.79     | 2.5652e-03  | 8.2236e-01  |      1      |  1.00e+00   |    0.00     
     595     |    3014     |    2.80     | 2.4918e-03  | 3.6566e-01  |      1      |  1.00e+00   |    0.00     
     596     |    3020     |    2.80     | 2.4314e-03  | 4.1834e-01  |      2      |  2.00e+00   |    0.00     
     597     |    3026     |    2.81     | 2.3559e-03  | 3.3837e-01  |      2      |  2.00e+00   |    0.00     
     598     |    3030     |    2.81     | 2.3047e-03  | 6.5820e-01  |      1      |  1.00e+00   |    0.00     
     599     |    3034     |    2.82     | 2.2453e-03  | 3.0747e-01  |      1      |  1.00e+00   |    0.00     
     600     |    3040     |    2.82     | 2.1805e-03  | 4.5153e-01  |      2      |  2.00e+00   |    0.00     
     601     |    3046     |    2.83     | 2.0810e-03  | 4.3313e-01  |      2      |  2.00e+00   |    0.00     
     602     |    3056     |    2.83     | 2.0093e-03  | 6.8041e-01  |      2      |  5.00e-01   |    0.00     
     603     |    3060     |    2.84     | 1.9212e-03  | 3.5332e-01  |      1      |  1.00e+00   |    0.00     
     604     |    3064     |    2.84     | 1.8658e-03  | 2.9471e-01  |      1      |  1.00e+00   |    0.00     
     605     |    3068     |    2.85     | 1.8273e-03  | 4.4742e-01  |      1      |  1.00e+00   |    0.00     
     606     |    3072     |    2.85     | 1.7890e-03  | 2.8648e-01  |      1      |  1.00e+00   |    0.00     
     607     |    3078     |    2.86     | 1.7413e-03  | 3.4237e-01  |      2      |  2.00e+00   |    0.00     
     608     |    3084     |    2.86     | 1.6758e-03  | 3.3597e-01  |      2      |  2.00e+00   |    0.00     
     609     |    3088     |    2.87     | 1.6036e-03  | 4.1243e-01  |      1      |  1.00e+00   |    0.00     
     610     |    3092     |    2.87     | 1.5582e-03  | 3.0941e-01  |      1      |  1.00e+00   |    0.00     
     611     |    3096     |    2.88     | 1.5279e-03  | 2.5143e-01  |      1      |  1.00e+00   |    0.00     
     612     |    3100     |    2.88     | 1.5063e-03  | 5.6617e-01  |      1      |  1.00e+00   |    0.00     
     613     |    3104     |    2.88     | 1.4792e-03  | 1.9938e-01  |      1      |  1.00e+00   |    0.00     
     614     |    3110     |    2.89     | 1.4613e-03  | 3.0193e-01  |      2      |  2.00e+00   |    0.00     
     615     |    3116     |    2.90     | 1.4317e-03  | 2.8263e-01  |      2      |  2.00e+00   |    0.00     
     616     |    3122     |    2.90     | 1.3635e-03  | 2.9718e-01  |      2      |  2.00e+00   |    0.00     
     617     |    3126     |    2.90     | 1.3240e-03  | 3.6792e-01  |      1      |  1.00e+00   |    0.00     
     618     |    3132     |    2.91     | 1.2674e-03  | 2.0772e-01  |      2      |  2.00e+00   |    0.00     
     619     |    3138     |    2.91     | 1.2371e-03  | 2.1698e-01  |      2      |  2.00e+00   |    0.00     
     620     |    3142     |    2.92     | 1.2021e-03  | 1.9095e-01  |      1      |  1.00e+00   |    0.00     
     621     |    3146     |    2.92     | 1.1601e-03  | 2.0569e-01  |      1      |  1.00e+00   |    0.00     
     622     |    3150     |    2.93     | 1.1181e-03  | 2.0011e-01  |      1      |  1.00e+00   |    0.00     
     623     |    3154     |    2.93     | 1.0780e-03  | 1.9014e-01  |      1      |  1.00e+00   |    0.00     
     624     |    3158     |    2.94     | 1.0309e-03  | 2.1668e-01  |      1      |  1.00e+00   |    0.00     
     625     |    3162     |    2.94     | 9.9079e-04  | 2.2704e-01  |      1      |  1.00e+00   |    0.00     
     626     |    3166     |    2.94     | 9.5477e-04  | 1.5883e-01  |      1      |  1.00e+00   |    0.00     
     627     |    3170     |    2.95     | 9.2100e-04  | 1.5006e-01  |      1      |  1.00e+00   |    0.00     
     628     |    3174     |    2.95     | 9.0215e-04  | 2.5359e-01  |      1      |  1.00e+00   |    0.00     
     629     |    3178     |    2.96     | 8.8298e-04  | 1.4440e-01  |      1      |  1.00e+00   |    0.00     
     630     |    3182     |    2.96     | 8.6308e-04  | 1.3438e-01  |      1      |  1.00e+00   |    0.00     
     631     |    3186     |    2.97     | 8.4175e-04  | 1.5679e-01  |      1      |  1.00e+00   |    0.00     
     632     |    3190     |    2.97     | 8.1807e-04  | 3.3321e-01  |      1      |  1.00e+00   |    0.00     
     633     |    3194     |    2.97     | 7.8811e-04  | 1.6009e-01  |      1      |  1.00e+00   |    0.00     
     634     |    3200     |    2.98     | 7.5853e-04  | 1.8316e-01  |      2      |  2.00e+00   |    0.00     
     635     |    3206     |    2.98     | 7.3070e-04  | 1.6370e-01  |      2      |  2.00e+00   |    0.00     
     636     |    3210     |    2.99     | 7.1467e-04  | 2.9587e-01  |      1      |  1.00e+00   |    0.00     
     637     |    3214     |    2.99     | 6.9632e-04  | 1.2566e-01  |      1      |  1.00e+00   |    0.00     
     638     |    3220     |    3.00     | 6.8290e-04  | 2.0292e-01  |      2      |  2.00e+00   |    0.00     
     639     |    3228     |    3.00     | 6.5197e-04  | 1.6005e-01  |      3      |  4.00e+00   |    0.00     
     640     |    3232     |    3.01     | 6.3031e-04  | 1.1120e-01  |      1      |  1.00e+00   |    0.00     
     641     |    3236     |    3.01     | 6.0542e-04  | 1.0094e-01  |      1      |  1.00e+00   |    0.00     
     642     |    3240     |    3.02     | 5.8544e-04  | 1.3299e-01  |      1      |  1.00e+00   |    0.00     
     643     |    3244     |    3.02     | 5.6129e-04  | 1.1363e-01  |      1      |  1.00e+00   |    0.00     
     644     |    3248     |    3.02     | 5.3192e-04  | 1.5411e-01  |      1      |  1.00e+00   |    0.00     
     645     |    3252     |    3.03     | 5.0615e-04  | 9.4985e-02  |      1      |  1.00e+00   |    0.00     
     646     |    3258     |    3.03     | 4.8735e-04  | 8.9843e-02  |      2      |  2.00e+00   |    0.00     
     647     |    3262     |    3.04     | 4.7613e-04  | 8.7805e-02  |      1      |  1.00e+00   |    0.00     
     648     |    3268     |    3.04     | 4.5976e-04  | 8.3451e-02  |      2      |  2.00e+00   |    0.00     
     649     |    3274     |    3.05     | 4.3842e-04  | 1.2869e-01  |      2      |  2.00e+00   |    0.00     
     650     |    3278     |    3.05     | 4.1731e-04  | 1.2290e-01  |      1      |  1.00e+00   |    0.00     
     651     |    3282     |    3.06     | 3.9036e-04  | 7.9247e-02  |      1      |  1.00e+00   |    0.00     
     652     |    3286     |    3.06     | 3.7354e-04  | 9.5116e-02  |      1      |  1.00e+00   |    0.00     
     653     |    3290     |    3.07     | 3.6043e-04  | 8.8071e-02  |      1      |  1.00e+00   |    0.00     
     654     |    3296     |    3.07     | 3.4638e-04  | 6.5796e-02  |      2      |  2.00e+00   |    0.00     
     655     |    3300     |    3.07     | 3.3539e-04  | 5.3646e-02  |      1      |  1.00e+00   |    0.00     
     656     |    3304     |    3.08     | 3.2446e-04  | 7.5798e-02  |      1      |  1.00e+00   |    0.00     
     657     |    3308     |    3.08     | 3.1408e-04  | 6.7990e-02  |      1      |  1.00e+00   |    0.00     
     658     |    3312     |    3.09     | 3.0396e-04  | 5.7433e-02  |      1      |  1.00e+00   |    0.00     
     659     |    3316     |    3.09     | 2.9134e-04  | 9.4483e-02  |      1      |  1.00e+00   |    0.00     
     660     |    3320     |    3.10     | 2.8180e-04  | 6.7736e-02  |      1      |  1.00e+00   |    0.00     
     661     |    3326     |    3.10     | 2.7011e-04  | 4.9827e-02  |      2      |  2.00e+00   |    0.00     
     662     |    3332     |    3.11     | 2.5270e-04  | 5.8745e-02  |      2      |  2.00e+00   |    0.00     
     663     |    3336     |    3.11     | 2.4068e-04  | 7.9791e-02  |      1      |  1.00e+00   |    0.00     
     664     |    3340     |    3.12     | 2.2792e-04  | 4.2474e-02  |      1      |  1.00e+00   |    0.00     
     665     |    3344     |    3.12     | 2.1786e-04  | 2.9577e-02  |      1      |  1.00e+00   |    0.00     
     666     |    3348     |    3.12     | 2.1170e-04  | 4.0380e-02  |      1      |  1.00e+00   |    0.00     
     667     |    3352     |    3.13     | 2.0472e-04  | 3.5132e-02  |      1      |  1.00e+00   |    0.00     
     668     |    3356     |    3.13     | 1.9620e-04  | 3.4789e-02  |      1      |  1.00e+00   |    0.00     
     669     |    3360     |    3.14     | 1.8321e-04  | 4.9793e-02  |      1      |  1.00e+00   |    0.00     
     670     |    3364     |    3.14     | 1.7337e-04  | 5.5601e-02  |      1      |  1.00e+00   |    0.00     
     671     |    3368     |    3.15     | 1.6453e-04  | 3.3316e-02  |      1      |  1.00e+00   |    0.00     
     672     |    3372     |    3.15     | 1.5684e-04  | 2.5295e-02  |      1      |  1.00e+00   |    0.00     
     673     |    3376     |    3.15     | 1.5034e-04  | 3.7388e-02  |      1      |  1.00e+00   |    0.00     
     674     |    3380     |    3.16     | 1.4259e-04  | 2.8020e-02  |      1      |  1.00e+00   |    0.00     
     675     |    3386     |    3.16     | 1.3338e-04  | 2.8949e-02  |      2      |  2.00e+00   |    0.00     
     676     |    3390     |    3.17     | 1.2853e-04  | 4.8203e-02  |      1      |  1.00e+00   |    0.00     
     677     |    3394     |    3.17     | 1.2316e-04  | 2.4937e-02  |      1      |  1.00e+00   |    0.00     
     678     |    3398     |    3.18     | 1.1902e-04  | 2.0275e-02  |      1      |  1.00e+00   |    0.00     
     679     |    3402     |    3.18     | 1.1381e-04  | 2.5186e-02  |      1      |  1.00e+00   |    0.00     
     680     |    3406     |    3.18     | 1.0807e-04  | 4.0249e-02  |      1      |  1.00e+00   |    0.00     
     681     |    3410     |    3.19     | 1.0310e-04  | 3.0381e-02  |      1      |  1.00e+00   |    0.00     
     682     |    3414     |    3.19     | 9.9697e-05  | 2.1415e-02  |      1      |  1.00e+00   |    0.00     
     683     |    3418     |    3.20     | 9.6475e-05  | 2.0820e-02  |      1      |  1.00e+00   |    0.00     
     684     |    3422     |    3.20     | 9.3575e-05  | 2.4909e-02  |      1      |  1.00e+00   |    0.00     
     685     |    3428     |    3.21     | 8.8315e-05  | 2.2823e-02  |      2      |  2.00e+00   |    0.00     
     686     |    3432     |    3.21     | 8.3267e-05  | 2.3427e-02  |      1      |  1.00e+00   |    0.00     
     687     |    3436     |    3.21     | 7.8112e-05  | 1.5383e-02  |      1      |  1.00e+00   |    0.00     
     688     |    3440     |    3.22     | 7.4667e-05  | 1.6061e-02  |      1      |  1.00e+00   |    0.00     
     689     |    3444     |    3.22     | 7.0738e-05  | 1.7158e-02  |      1      |  1.00e+00   |    0.00     
     690     |    3448     |    3.23     | 6.6702e-05  | 2.2919e-02  |      1      |  1.00e+00   |    0.00     
     691     |    3452     |    3.23     | 6.2722e-05  | 1.5976e-02  |      1      |  1.00e+00   |    0.00     
     692     |    3456     |    3.24     | 5.9029e-05  | 1.1692e-02  |      1      |  1.00e+00   |    0.00     
     693     |    3460     |    3.24     | 5.5165e-05  | 1.2462e-02  |      1      |  1.00e+00   |    0.00     
     694     |    3464     |    3.24     | 5.2359e-05  | 2.3484e-02  |      1      |  1.00e+00   |    0.00     
     695     |    3468     |    3.25     | 4.9311e-05  | 1.1894e-02  |      1      |  1.00e+00   |    0.00     
     696     |    3474     |    3.25     | 4.6330e-05  | 9.8207e-03  |      2      |  2.00e+00   |    0.00     
     697     |    3480     |    3.26     | 4.3741e-05  | 1.2370e-02  |      2      |  2.00e+00   |    0.00     
     698     |    3484     |    3.26     | 4.0836e-05  | 1.1240e-02  |      1      |  1.00e+00   |    0.00     
     699     |    3488     |    3.27     | 3.8324e-05  | 8.1565e-03  |      1      |  1.00e+00   |    0.00     
     700     |    3492     |    3.27     | 3.5809e-05  | 9.0104e-03  |      1      |  1.00e+00   |    0.00     
     701     |    3496     |    3.28     | 3.3694e-05  | 9.3716e-03  |      1      |  1.00e+00   |    0.00     
     702     |    3500     |    3.28     | 3.1285e-05  | 1.0236e-02  |      1      |  1.00e+00   |    0.00     
     703     |    3504     |    3.28     | 2.9108e-05  | 1.2148e-02  |      1      |  1.00e+00   |    0.00     
     704     |    3508     |    3.29     | 2.7613e-05  | 6.6867e-03  |      1      |  1.00e+00   |    0.00     
     705     |    3514     |    3.29     | 2.6192e-05  | 7.3612e-03  |      2      |  2.00e+00   |    0.00     
     706     |    3518     |    3.30     | 2.5173e-05  | 1.1836e-02  |      1      |  1.00e+00   |    0.00     
     707     |    3522     |    3.30     | 2.3958e-05  | 6.0354e-03  |      1      |  1.00e+00   |    0.00     
     708     |    3526     |    3.31     | 2.3021e-05  | 5.0226e-03  |      1      |  1.00e+00   |    0.00     
     709     |    3532     |    3.31     | 2.1575e-05  | 6.7988e-03  |      2      |  2.00e+00   |    0.00     
     710     |    3538     |    3.32     | 1.9655e-05  | 6.0631e-03  |      2      |  2.00e+00   |    0.00     
     711     |    3542     |    3.32     | 1.7404e-05  | 4.9139e-03  |      1      |  1.00e+00   |    0.00     
     712     |    3546     |    3.32     | 1.6118e-05  | 4.6436e-03  |      1      |  1.00e+00   |    0.00     
     713     |    3550     |    3.33     | 1.4945e-05  | 4.5547e-03  |      1      |  1.00e+00   |    0.00     
     714     |    3554     |    3.33     | 1.4070e-05  | 4.3339e-03  |      1      |  1.00e+00   |    0.00     
     715     |    3558     |    3.34     | 1.3126e-05  | 2.6819e-03  |      1      |  1.00e+00   |    0.00     
     716     |    3562     |    3.34     | 1.2279e-05  | 3.0984e-03  |      1      |  1.00e+00   |    0.00     
     717     |    3566     |    3.35     | 1.1473e-05  | 4.3476e-03  |      1      |  1.00e+00   |    0.00     
     718     |    3570     |    3.35     | 1.0515e-05  | 4.8470e-03  |      1      |  1.00e+00   |    0.00     
     719     |    3574     |    3.36     | 9.4510e-06  | 4.1546e-03  |      1      |  1.00e+00   |    0.00     
     720     |    3578     |    3.36     | 8.2736e-06  | 3.2615e-03  |      1      |  1.00e+00   |    0.00     
     721     |    3582     |    3.36     | 7.5814e-06  | 2.2163e-03  |      1      |  1.00e+00   |    0.00     
     722     |    3586     |    3.37     | 7.0986e-06  | 1.4641e-03  |      1      |  1.00e+00   |    0.00     
     723     |    3590     |    3.37     | 6.6317e-06  | 1.6932e-03  |      1      |  1.00e+00   |    0.00     
     724     |    3594     |    3.38     | 6.2374e-06  | 2.7236e-03  |      1      |  1.00e+00   |    0.00     
     725     |    3598     |    3.38     | 5.8475e-06  | 2.5626e-03  |      1      |  1.00e+00   |    0.00     
     726     |    3602     |    3.39     | 5.3782e-06  | 2.1575e-03  |      1      |  1.00e+00   |    0.00     
     727     |    3606     |    3.39     | 4.7305e-06  | 1.8538e-03  |      1      |  1.00e+00   |    0.00     
     728     |    3610     |    3.40     | 4.2035e-06  | 1.2723e-03  |      1      |  1.00e+00   |    0.00     
     729     |    3614     |    3.40     | 3.9327e-06  | 2.6208e-03  |      1      |  1.00e+00   |    0.00     
     730     |    3618     |    3.40     | 3.5900e-06  | 1.0793e-03  |      1      |  1.00e+00   |    0.00     
     731     |    3624     |    3.41     | 3.3704e-06  | 9.0008e-04  |      2      |  2.00e+00   |    0.00     
     732     |    3630     |    3.41     | 3.1056e-06  | 8.6546e-04  |      2      |  2.00e+00   |    0.00     
     733     |    3634     |    3.42     | 2.8431e-06  | 1.1753e-03  |      1      |  1.00e+00   |    0.00     
     734     |    3638     |    3.42     | 2.5822e-06  | 9.1507e-04  |      1      |  1.00e+00   |    0.00     
     735     |    3642     |    3.43     | 2.3151e-06  | 8.9703e-04  |      1      |  1.00e+00   |    0.00     
     736     |    3646     |    3.43     | 1.9571e-06  | 7.0423e-04  |      1      |  1.00e+00   |    0.00     
     737     |    3650     |    3.44     | 1.6908e-06  | 5.4058e-04  |      1      |  1.00e+00   |    0.00     
     738     |    3654     |    3.44     | 1.5259e-06  | 4.9849e-04  |      1      |  1.00e+00   |    0.00     
     739     |    3658     |    3.45     | 1.4050e-06  | 4.1890e-04  |      1      |  1.00e+00   |    0.00     
     740     |    3664     |    3.45     | 1.2627e-06  | 4.4602e-04  |      2      |  2.00e+00   |    0.00     
     741     |    3668     |    3.46     | 1.1583e-06  | 5.0340e-04  |      1      |  1.00e+00   |    0.00     
     742     |    3674     |    3.46     | 1.0011e-06  | 3.5190e-04  |      2      |  2.00e+00   |    0.00     
     743     |    3678     |    3.46     | 8.8745e-07  | 3.4172e-04  |      1      |  1.00e+00   |    0.00     
     744     |    3682     |    3.47     | 7.7703e-07  | 3.6988e-04  |      1      |  1.00e+00   |    0.00     
     745     |    3686     |    3.47     | 6.7865e-07  | 2.5692e-04  |      1      |  1.00e+00   |    0.00     
     746     |    3690     |    3.48     | 5.9852e-07  | 1.9792e-04  |      1      |  1.00e+00   |    0.00     
     747     |    3694     |    3.48     | 5.4375e-07  | 2.3209e-04  |      1      |  1.00e+00   |    0.00     
     748     |    3698     |    3.49     | 5.0239e-07  | 1.5513e-04  |      1      |  1.00e+00   |    0.00     
     749     |    3704     |    3.49     | 4.2889e-07  | 1.7598e-04  |      2      |  2.00e+00   |    0.00     
     750     |    3708     |    3.50     | 3.7562e-07  | 1.7039e-04  |      1      |  1.00e+00   |    0.00     
     751     |    3712     |    3.50     | 3.1887e-07  | 1.4824e-04  |      1      |  1.00e+00   |    0.00     
     752     |    3716     |    3.50     | 2.8218e-07  | 1.2914e-04  |      1      |  1.00e+00   |    0.00     
     753     |    3720     |    3.51     | 2.5943e-07  | 8.8608e-05  |      1      |  1.00e+00   |    0.00     
     754     |    3726     |    3.51     | 2.3015e-07  | 8.8635e-05  |      2      |  2.00e+00   |    0.00     
     755     |    3730     |    3.52     | 1.9785e-07  | 8.1072e-05  |      1      |  1.00e+00   |    0.00     
     756     |    3734     |    3.52     | 1.5952e-07  | 7.7296e-05  |      1      |  1.00e+00   |    0.00     
     757     |    3738     |    3.53     | 1.3163e-07  | 7.6409e-05  |      1      |  1.00e+00   |    0.00     
     758     |    3742     |    3.53     | 1.0940e-07  | 6.8029e-05  |      1      |  1.00e+00   |    0.00     
     759     |    3746     |    3.54     | 9.1266e-08  | 5.0066e-05  |      1      |  1.00e+00   |    0.00     
     760     |    3750     |    3.54     | 7.7116e-08  | 3.8253e-05  |      1      |  1.00e+00   |    0.00     
     761     |    3754     |    3.54     | 6.8247e-08  | 4.3570e-05  |      1      |  1.00e+00   |    0.00     
     762     |    3758     |    3.55     | 6.1807e-08  | 2.3971e-05  |      1      |  1.00e+00   |    0.00     
     763     |    3762     |    3.55     | 5.5575e-08  | 2.3862e-05  |      1      |  1.00e+00   |    0.00     
     764     |    3766     |    3.56     | 4.7516e-08  | 2.2048e-05  |      1      |  1.00e+00   |    0.00     
     765     |    3770     |    3.56     | 3.8847e-08  | 4.0664e-05  |      1      |  1.00e+00   |    0.00     
     766     |    3774     |    3.56     | 3.2474e-08  | 2.0406e-05  |      1      |  1.00e+00   |    0.00     
     767     |    3780     |    3.57     | 2.7399e-08  | 1.8415e-05  |      2      |  2.00e+00   |    0.00     
     768     |    3784     |    3.57     | 2.1786e-08  | 1.0638e-05  |      1      |  1.00e+00   |    0.00     
     769     |    3788     |    3.58     | 1.8141e-08  | 6.7189e-06  |      1      |  1.00e+00   |    0.00     
     770     |    3792     |    3.58     | 1.4592e-08  | 6.1149e-06  |      1      |  1.00e+00   |    0.00     
     771     |    3796     |    3.59     | 1.1818e-08  | 8.8929e-06  |      1      |  1.00e+00   |    0.00     
     772     |    3800     |    3.59     | 9.9178e-09  | 4.3527e-06  |      1      |  1.00e+00   |    0.00     
     773     |    3806     |    3.60     | 7.9547e-09  | 3.9104e-06  |      2      |  2.00e+00   |    0.00     
     774     |    3810     |    3.60     | 6.4038e-09  | 3.6469e-06  |      1      |  1.00e+00   |    0.00     
     775     |    3814     |    3.60     | 4.9858e-09  | 2.5146e-06  |      1      |  1.00e+00   |    0.00     
     776     |    3818     |    3.61     | 3.8399e-09  | 1.9721e-06  |      1      |  1.00e+00   |    0.00     
     777     |    3822     |    3.61     | 2.8576e-09  | 1.5873e-06  |      1      |  1.00e+00   |    0.00     
     778     |    3826     |    3.62     | 2.1764e-09  | 9.7054e-07  |      1      |  1.00e+00   |    0.00     

******************************************
               Running on cuda:0 
******************************************
Regulariser          :                 None
Dataset              :             CIFAR100
Files already downloaded and verified
Files already downloaded and verified
Data size            :        (10000, 3072)
Classes              :         (10000, 100)
No. Samples          :                10000
Dimensions           :               307200
x0                   :              uniform
Algorithm            :         linesearchGD
..................................................................................................
     ite     |    orcs     |    time     |      f      |   g_norm    |    alpha    |     acc     
..................................................................................................
      0      |      0      |    0.00     | 5.0583e+01  | 3.2124e+03  |  0.00e+00   |    0.00     
     100     |    1300     |    0.56     | 1.2941e+01  | 3.3832e+02  |  9.77e-06   |    0.00     
     200     |    2677     |    1.15     | 9.6820e+00  | 9.5781e+01  |  4.88e-06   |    0.00     
     300     |    4093     |    1.76     | 8.9483e+00  | 5.2178e+01  |  2.44e-06   |    0.00     
     400     |    5523     |    2.38     | 8.4516e+00  | 4.5134e+01  |  2.44e-06   |    0.00     
     500     |    6960     |    3.00     | 8.0558e+00  | 4.7756e+01  |  2.44e-06   |    0.00     
     600     |    8402     |    3.62     | 7.7256e+00  | 5.8418e+01  |  2.44e-06   |    0.00     
     700     |    9849     |    4.25     | 7.4392e+00  | 3.9772e+01  |  2.44e-06   |    0.00     
     800     |    11268    |    4.86     | 6.9717e+00  | 5.3211e+01  |  4.88e-06   |    0.00     
     900     |    12671    |    5.46     | 6.4846e+00  | 2.6222e+01  |  2.44e-06   |    0.00     
    1000     |    14083    |    6.07     | 6.2319e+00  | 2.5169e+01  |  2.44e-06   |    0.00     
    1100     |    15501    |    6.68     | 6.0160e+00  | 2.5019e+01  |  2.44e-06   |    0.00     
    1200     |    16926    |    7.30     | 5.8313e+00  | 2.4822e+01  |  2.44e-06   |    0.00     
    1300     |    18354    |    7.91     | 5.6658e+00  | 2.3142e+01  |  2.44e-06   |    0.00     
    1400     |    19789    |    8.53     | 5.5227e+00  | 2.2317e+01  |  2.44e-06   |    0.00     
    1500     |    21229    |    9.15     | 5.3959e+00  | 2.1596e+01  |  2.44e-06   |    0.00     
    1600     |    22676    |    9.78     | 5.2858e+00  | 2.1111e+01  |  2.44e-06   |    0.00     
    1700     |    24126    |    10.41    | 5.1852e+00  | 2.1332e+01  |  2.44e-06   |    0.00     
    1800     |    25576    |    11.03    | 5.0893e+00  | 2.1528e+01  |  2.44e-06   |    0.00     
    1900     |    27026    |    11.66    | 4.9977e+00  | 2.1704e+01  |  2.44e-06   |    0.00     
    2000     |    28476    |    12.29    | 4.9101e+00  | 2.1860e+01  |  2.44e-06   |    0.00     
    2100     |    29926    |    12.93    | 4.8261e+00  | 2.1996e+01  |  2.44e-06   |    0.00     
    2200     |    31376    |    13.56    | 4.7456e+00  | 2.2112e+01  |  2.44e-06   |    0.00     
    2300     |    32826    |    14.18    | 4.6683e+00  | 2.2210e+01  |  2.44e-06   |    0.00     
    2400     |    34276    |    14.81    | 4.5940e+00  | 2.2292e+01  |  2.44e-06   |    0.00     
    2500     |    35726    |    15.44    | 4.5224e+00  | 2.2361e+01  |  2.44e-06   |    0.00     
    2600     |    37178    |    16.07    | 4.4544e+00  | 2.2272e+01  |  2.44e-06   |    0.00     
    2700     |    38634    |    16.70    | 4.3905e+00  | 2.2062e+01  |  2.44e-06   |    0.00     
    2800     |    40091    |    17.33    | 4.3294e+00  | 3.0438e+01  |  4.88e-06   |    0.00     
    2900     |    41549    |    17.97    | 4.2704e+00  | 2.9693e+01  |  4.88e-06   |    0.00     
    3000     |    43008    |    18.60    | 4.2133e+00  | 1.8048e+01  |  2.44e-06   |    0.00     
    3100     |    44467    |    19.23    | 4.1583e+00  | 1.7686e+01  |  2.44e-06   |    0.00     
    3200     |    45927    |    19.86    | 4.1053e+00  | 1.7604e+01  |  2.44e-06   |    0.00     
    3300     |    47387    |    20.50    | 4.0538e+00  | 1.7721e+01  |  2.44e-06   |    0.00     
    3400     |    48847    |    21.13    | 4.0038e+00  | 1.7818e+01  |  2.44e-06   |    0.00     
    3500     |    50308    |    21.76    | 3.9555e+00  | 1.5888e+01  |  2.44e-06   |    0.00     
    3600     |    51769    |    22.39    | 3.9085e+00  | 1.7094e+01  |  2.44e-06   |    0.00     
    3700     |    53230    |    23.03    | 3.8631e+00  | 2.6770e+01  |  4.88e-06   |    0.00     
    3800     |    54692    |    23.66    | 3.8188e+00  | 2.6150e+01  |  4.88e-06   |    0.00     
    3900     |    56155    |    24.29    | 3.7757e+00  | 1.6607e+01  |  2.44e-06   |    0.00     
    4000     |    57617    |    24.92    | 3.7340e+00  | 2.6604e+01  |  4.88e-06   |    0.00     
    4100     |    59080    |    25.56    | 3.6930e+00  | 1.6682e+01  |  2.44e-06   |    0.00     
    4200     |    60542    |    26.19    | 3.6532e+00  | 2.6954e+01  |  4.88e-06   |    0.00     
    4300     |    62005    |    26.82    | 3.6141e+00  | 1.6639e+01  |  2.44e-06   |    0.00     
    4400     |    63467    |    27.46    | 3.5762e+00  | 2.7015e+01  |  4.88e-06   |    0.00     
    4500     |    64930    |    28.09    | 3.5389e+00  | 1.6493e+01  |  2.44e-06   |    0.00     
    4600     |    66392    |    28.73    | 3.5027e+00  | 2.6816e+01  |  4.88e-06   |    0.00     
    4700     |    67855    |    29.36    | 3.4670e+00  | 1.6250e+01  |  2.44e-06   |    0.00     
    4800     |    69317    |    30.00    | 3.4324e+00  | 2.6370e+01  |  4.88e-06   |    0.00     
    4900     |    70780    |    30.63    | 3.3981e+00  | 1.5911e+01  |  2.44e-06   |    0.00     
    5000     |    72242    |    31.27    | 3.3650e+00  | 2.5685e+01  |  4.88e-06   |    0.00     
    5100     |    73705    |    31.90    | 3.3322e+00  | 1.5477e+01  |  2.44e-06   |    0.00     
    5200     |    75167    |    32.53    | 3.3003e+00  | 2.4766e+01  |  4.88e-06   |    0.00     
    5300     |    76630    |    33.17    | 3.2689e+00  | 1.4949e+01  |  2.44e-06   |    0.00     
    5400     |    78092    |    33.80    | 3.2383e+00  | 2.3609e+01  |  4.88e-06   |    0.00     
    5500     |    79555    |    34.43    | 3.2081e+00  | 1.4326e+01  |  2.44e-06   |    0.00     
    5600     |    81017    |    35.07    | 3.1787e+00  | 2.2211e+01  |  4.88e-06   |    0.00     
    5700     |    82480    |    35.70    | 3.1496e+00  | 1.3607e+01  |  2.44e-06   |    0.00     
    5800     |    83942    |    36.33    | 3.1213e+00  | 2.0567e+01  |  4.88e-06   |    0.00     
    5900     |    85404    |    36.96    | 3.0934e+00  | 2.3257e+01  |  4.88e-06   |    0.00     
    6000     |    86866    |    37.60    | 3.0658e+00  | 2.0069e+01  |  4.88e-06   |    0.00     
    6100     |    88328    |    38.23    | 3.0387e+00  | 1.3477e+01  |  2.44e-06   |    0.00     
    6200     |    89789    |    38.87    | 3.0123e+00  | 2.0059e+01  |  4.88e-06   |    0.00     
    6300     |    91250    |    39.51    | 2.9861e+00  | 2.1355e+01  |  4.88e-06   |    0.00     
    6400     |    92711    |    40.14    | 2.9604e+00  | 2.0772e+01  |  4.88e-06   |    0.00     
    6500     |    94172    |    40.77    | 2.9351e+00  | 1.9581e+01  |  4.88e-06   |    0.00     
    6600     |    95633    |    41.41    | 2.9101e+00  | 1.2419e+01  |  2.44e-06   |    0.00     
    6700     |    97093    |    42.04    | 2.8856e+00  | 1.2011e+01  |  2.44e-06   |    0.00     
    6800     |    98553    |    42.68    | 2.8614e+00  | 1.1582e+01  |  2.44e-06   |    0.00     
    6900     |   100013    |    43.32    | 2.8377e+00  | 1.3797e+01  |  2.44e-06   |    0.00     
