{"ite": [0, 1, 2, 3, 4, 5, 6, 7, 8, 9, 10, 11, 12, 13, 14, 15], "inite": [0, 11, 841, 5000, 266, 179, 294, 149, 112, 2922, 5000, 5000, 2395, 2859, 2719, 2770], "dtype": ["None", "TER", "TER", "MAX", "TER", "TER", "TER", "TER", "TER", "TER", "MAX", "MAX", "TER", "TER", "TER", "TER"], "orcs": [0, 35, 2560, 17562, 18362, 18901, 19785, 20234, 20572, 29340, 44342, 59344, 66531, 75110, 83269, 91581], "time": [0, 0.08320784568786621, 6.4549877643585205, 62.93395924568176, 64.84851694107056, 66.12619924545288, 68.25084114074707, 69.31734228134155, 70.11191368103027, 96.700514793396, 150.4189727306366, 204.1090123653412, 224.947674036026, 250.8249433040619, 275.1371166706085, 300.0249845981598], "f": [2.397895272798371, 1.7845335449439028, 1.4728970015218887, 1.4296193370139219, 1.4252298183210235, 1.4242609619112505, 1.423686944454673, 1.4235002253894027, 1.4234298885898427, 1.4229234452430013, 1.4229137288916271, 1.4229104429468797, 1.422908827880107, 1.4229081728901973, 1.4229078621667843, 1.4229077257025597], "g_norm": [6.414807575757574, 2.781885237371311, 1.1313240875192834, 0.127601877378103, 0.02836531977865803, 0.009246279275866602, 0.004898908285088393, 0.0059397599003373144, 0.0027695604015555504, 0.004759398519357738, 9.548540752700221e-05, 1.7456619951398872e-05, 7.091861315469454e-06, 2.9591464082479494e-06, 1.2377070438326565e-06, 5.439330206337036e-07], "alpha": [0, 1, 1, 1, 1, 1, 1, 1, 1, 1, 1, 1, 1, 1, 1, 1], "acc": [0, 0.0, 0.0, 0.0, 0.0, 0.0, 0.0, 0.0, 0.0, 0.0, 0.0, 0.0, 0.0, 0.0, 0.0, 0.0]}