{"ite": [0, 1, 2, 3, 4, 5, 6, 7, 8, 9, 10, 11, 12, 13, 14, 15, 16, 17, 18, 19, 20, 21, 22, 23, 24, 25, 26, 27, 28, 29, 30, 31, 32, 33, 34, 35, 36, 37, 38, 39, 40, 41, 42], "inite": [0, 5000, 5000, 5000, 5000, 616, 1437, 421, 683, 340, 426, 264, 300, 201, 228, 227, 225, 193, 192, 5000, 218, 5000, 2063, 1795, 1846, 1790, 2248, 2080, 2, 1, 1, 3, 1, 1, 1, 1, 1, 1, 1913, 1, 1, 1, 2177], "dtype": ["None", "MAX", "MAX", "MAX", "MAX", "TER", "TER", "TER", "TER", "TER", "TER", "TER", "TER", "TER", "TER", "TER", "TER", "TER", "TER", "MAX", "TER", "MAX", "TER", "TER", "TER", "TER", "TER", "TER", "GRD", "GRD", "GRD", "TER", "GRD", "GRD", "GRD", "GRD", "GRD", "GRD", "TER", "GRD", "GRD", "GRD", "TER"], "orcs": [0, 15002, 30004, 45006, 60008, 61858, 66171, 67436, 69487, 70509, 71789, 72583, 73485, 74090, 74776, 75459, 76136, 76717, 77295, 92297, 92953, 107955, 114146, 119533, 125073, 130445, 137191, 143433, 143442, 143448, 143457, 143472, 143478, 143485, 143494, 143507, 143514, 143520, 149262, 149268, 149275, 149281, 155815], "time": [0, 56.34514784812927, 110.17715096473694, 164.04914569854736, 217.91607642173767, 222.5507776737213, 234.09125137329102, 237.21467280387878, 242.38760328292847, 244.88998079299927, 248.0519576072693, 249.98461389541626, 252.18968844413757, 253.65394687652588, 255.3188750743866, 256.9765899181366, 258.6186480522156, 260.0234341621399, 261.4212815761566, 315.2694356441498, 316.85444951057434, 370.70507621765137, 388.19666266441345, 403.06011414527893, 418.41070008277893, 433.2265853881836, 452.59711742401123, 470.2588667869568, 470.2759437561035, 470.2859914302826, 470.30380177497864, 470.32545948028564, 470.33564925193787, 470.3485083580017, 470.36658096313477, 470.39488458633423, 470.4076166152954, 470.4177803993225, 486.41552233695984, 486.4255771636963, 486.4382219314575, 486.4482727050781, 505.08628940582275], "f": [2.397895272798371, 1.5343300085592553, 1.4383613006578129, 1.426364210752469, 1.4247091791529285, 1.4243048443869257, 1.4240075174815543, 1.42371910161737, 1.423530562858783, 1.4233603771031926, 1.4232513948413545, 1.4231607382563376, 1.4230993851432745, 1.4230490849971353, 1.4230141790784685, 1.4229853830218833, 1.4229674474028493, 1.422953460707059, 1.4229440649298088, 1.4229314194734497, 1.422926544292223, 1.422912234669925, 1.4229106451903615, 1.4229095576348498, 1.4229088653846822, 1.422908447642015, 1.422908197158904, 1.422908004391036, 1.422908004391029, 1.422908004391029, 1.422908004391029, 1.4229080043910214, 1.4229080043910214, 1.4229080043910214, 1.4229080043910214, 1.4229080043910214, 1.4229080043910214, 1.4229080043910214, 1.4229078693930335, 1.4229078693930335, 1.4229078693930335, 1.4229078693930335, 1.4229077797198635], "g_norm": [6.414807575757574, 2.541296668173982, 0.45093267865820824, 0.06593114402593155, 0.02243306177495385, 0.01551212743931162, 0.018922890314015485, 0.016528255125511235, 0.01738905502636513, 0.014827230070327508, 0.015411291591164942, 0.012861732079073478, 0.01274472243600813, 0.00946776330102756, 0.008903680433537406, 0.005151205541750833, 0.007058337681766107, 0.004584946965293095, 0.005348101682057569, 0.002681827797822337, 0.003840184618162849, 0.000961732856490764, 0.00010979138213309418, 1.5200678455953509e-06, 1.9285870356711755e-06, 2.910078694552087e-05, 1.0962785568856789e-05, 4.3144964673271715e-06, 4.150425842122114e-06, 4.1356972313921795e-06, 4.132743612558688e-06, 3.7183105266777406e-06, 3.732352162894671e-06, 3.7359840609896357e-06, 3.7365963889178398e-06, 3.7366306882513734e-06, 3.738810458630518e-06, 3.7410444383792885e-06, 1.4825216841296556e-06, 1.4555841373321746e-06, 1.4470658772271836e-06, 1.4315958458627304e-06, 5.653271366372104e-07], "alpha": [0, 1, 1, 1, 1, 1, 1, 1, 1, 1, 1, 1, 1, 1, 1, 1, 1, 1, 1, 1, 1, 1, 1, 1, 1, 1, 1, 1, 1, 1, 0.125, 1, 1, 0.5, 0.125, 0.0078125, 0.5, 1, 1, 1, 0.5, 1, 1], "acc": [0, 0.0, 0.0, 0.0, 0.0, 0.0, 0.0, 0.0, 0.0, 0.0, 0.0, 0.0, 0.0, 0.0, 0.0, 0.0, 0.0, 0.0, 0.0, 0.0, 0.0, 0.0, 0.0, 0.0, 0.0, 0.0, 0.0, 0.0, 0.0, 0.0, 0.0, 0.0, 0.0, 0.0, 0.0, 0.0, 0.0, 0.0, 0.0, 0.0, 0.0, 0.0, 0.0]}