{"ite": [0, 1, 2, 3, 4, 5, 6, 7, 8, 9, 10, 11, 12, 13, 14, 15, 16, 17, 18, 19, 20, 21, 22, 23, 24, 25, 26, 27], "inite": [0, 3, 10, 1, 21, 1, 1, 55, 1, 150, 305, 1, 12, 483, 13, 583, 11, 658, 1, 733, 1, 767, 1, 815, 1076, 3149, 1, 5000], "dtype": ["None", "TER", "TER", "GRD", "TER", "GRD", "GRD", "TER", "GRD", "TER", "TER", "GRD", "TER", "TER", "TER", "TER", "TER", "TER", "GRD", "TER", "GRD", "TER", "GRD", "TER", "TER", "TER", "GRD", "MAX"], "orcs": [0, 11, 43, 49, 115, 121, 127, 295, 301, 754, 1672, 1678, 1717, 3169, 3211, 4963, 4999, 6976, 6982, 9184, 9190, 11494, 11500, 13948, 17179, 26629, 26635, 41638], "time": [0, 0.023050308227539062, 0.09735488891601562, 0.10796165466308594, 0.25750160217285156, 0.2676210403442383, 0.2777214050292969, 0.6646451950073242, 0.6747176647186279, 1.7382774353027344, 3.9336647987365723, 3.9437923431396484, 4.02834415435791, 7.560485363006592, 7.652087211608887, 11.956928014755249, 12.035027980804443, 16.933923482894897, 16.94423508644104, 22.441734790802002, 22.452105045318604, 28.220267057418823, 28.230523824691772, 34.391162157058716, 42.70063042640686, 72.57947039604187, 72.59085726737976, 128.387681722641], "f": [2.397895272798371, 2.1850401059890396, 1.889866277293585, 1.8885487692094964, 1.7298346848337613, 1.7294864876149307, 1.7293748610450654, 1.628366004637413, 1.6283331810491224, 1.5369782555881384, 1.46876017238966, 1.4687528273240866, 1.4685065234050065, 1.4349713585944202, 1.4349113232349593, 1.425327708739994, 1.4253228273302543, 1.4232705528342884, 1.4232705385078754, 1.4229512617255324, 1.422951260840135, 1.4229137190713455, 1.422913719043398, 1.4229090478363888, 1.4229081656218436, 1.4229078577993184, 1.4229078577993184, 1.4229077230845324], "g_norm": [6.414807575757574, 3.5232938461558025, 1.6587942052022921, 1.1853695116301526, 0.9205272760958774, 0.5960690282747899, 0.42780723115822317, 0.290135384079526, 0.18924722343809328, 0.1301208598649898, 0.12758993896711018, 0.08528655253344868, 0.02410833681806076, 0.05400059188070776, 0.01285706471249311, 0.01674348158411661, 0.003492681252687285, 0.005528224922894976, 0.003383149759139432, 0.0010434685162814625, 0.0005991945872018603, 0.00014087327248657523, 8.738915386299896e-05, 1.81514583738408e-05, 3.970251468516312e-06, 1.429519084545853e-06, 1.40704327168628e-06, 5.429672370391079e-07], "alpha": [0, 1, 1, 1, 1, 1, 1, 1, 1, 1, 1, 1, 1, 1, 1, 1, 1, 1, 1, 1, 1, 1, 1, 1, 1, 1, 1, 1], "acc": [0, 0.0, 0.0, 0.0, 0.0, 0.0, 0.0, 0.0, 0.0, 0.0, 0.0, 0.0, 0.0, 0.0, 0.0, 0.0, 0.0, 0.0, 0.0, 0.0, 0.0, 0.0, 0.0, 0.0, 0.0, 0.0, 0.0, 0.0]}