{"ite": [0, 1, 2, 3, 4, 5, 6, 7, 8, 9, 10, 11, 12, 13, 14, 15, 16, 17, 18], "inite": [0, 16, 26, 116, 193, 251, 318, 353, 519, 69, 1245, 31, 768, 801, 795, 1050, 1, 1, 2202], "relRes": [0, 0.01381018649136459, 0.011834993282280375, 0.01277340647469808, 0.012447582339368324, 0.012154936021788635, 0.012087395879990916, 0.01159197844121958, 0.012801300174608557, 0.012503267056253554, 0.014090080279019179, 0.012995340917734114, 0.013075605094404759, 0.012879856019193702, 0.012460058161973691, 0.012538163385524815, 0.0, 0.0, 0.013461163467628698], "orcs": [0, 50, 130, 480, 1061, 1816, 2772, 3833, 5392, 5601, 9338, 9433, 11739, 14144, 16531, 19683, 19689, 19695, 26304], "time": [0, 0.11742091178894043, 0.3019375801086426, 1.1283576488494873, 2.5136518478393555, 4.3247292041778564, 6.634282112121582, 9.209532260894775, 13.045688152313232, 13.535604238510132, 23.3202486038208, 23.540903091430664, 29.343994855880737, 35.41493606567383, 41.44067072868347, 49.568950176239014, 49.57905697822571, 49.5891227722168, 68.6526427268982], "f": [2.397895272798371, 1.7467199558369417, 1.681271750737396, 1.5653823845104815, 1.5046252130263984, 1.468456047699263, 1.4447884170335488, 1.4338355419733249, 1.4253041162361415, 1.425272416103255, 1.4229251302478068, 1.4229234097235641, 1.4229118865186259, 1.4229088612353886, 1.4229081557486618, 1.4229078692013102, 1.4229078692013033, 1.4229078692013033, 1.422907713313308], "g_norm": [6.414807575757574, 2.932097349599813, 0.4250937630977981, 0.19857052271424372, 0.0771763377589874, 0.04409143438486392, 0.026095516970330218, 0.008806543955556776, 0.01483704241472628, 0.0003915453988996515, 0.012304432032933271, 0.00038392438186144026, 4.071479377500944e-05, 1.2484267120732659e-05, 3.0368381008045534e-06, 1.2332322328781804e-06, 1.202359032777878e-06, 1.1721625604955483e-06, 5.199938445378471e-07], "alpha": [0, 1, 1, 1, 1, 1, 1, 1, 1, 1, 1, 1, 1, 1, 1, 1, 1, 1, 1], "acc": [0, 0.0, 0.0, 0.0, 0.0, 0.0, 0.0, 0.0, 0.0, 0.0, 0.0, 0.0, 0.0, 0.0, 0.0, 0.0, 0.0, 0.0, 0.0]}