{"ite": [0, 1, 2, 3, 4, 5, 6, 7, 8, 9, 10, 11, 12, 13, 14, 15, 16, 17, 18, 19, 20, 21, 22, 23, 24], "inite": [0, 9, 17, 57, 53, 220, 23, 448, 24, 471, 44, 878, 23, 317, 103, 176, 89, 846, 137, 206, 584, 25, 1254, 12, 596], "relRes": [0, 0.03846486539134629, 0.03593327003321912, 0.03973962162890482, 0.035488347157864884, 0.0411630193061095, 0.037519863439898236, 0.041467899024303395, 0.039115851523733536, 0.0394169041536548, 0.03745190270943971, 0.044383751258856206, 0.03901129762606236, 0.06033873950725476, 0.038949506611230277, 0.04690271517728221, 0.04175717539077996, 0.04665043493557631, 0.04218394280619072, 0.04009917940949014, 0.03955998936573815, 0.034859315680032706, 0.044669342758057354, 0.036854101754465275, 0.03859471250998184], "orcs": [0, 29, 82, 255, 416, 1078, 1149, 2495, 2569, 3984, 4118, 6754, 6825, 7778, 8089, 8619, 8888, 11428, 11841, 12461, 14215, 14292, 18056, 18094, 19884], "time": [0, 0.06758451461791992, 0.19202709197998047, 0.5971999168395996, 0.9734008312225342, 2.5582926273345947, 2.721567392349243, 6.014379262924194, 6.184769868850708, 9.656273126602173, 9.96858549118042, 16.6598904132843, 16.82322096824646, 19.13206696510315, 19.868242263793945, 21.135356664657593, 21.770498275756836, 28.20856785774231, 29.193264961242676, 30.68308162689209, 35.036545276641846, 35.21486306190491, 45.09408140182495, 45.179734230041504, 49.634493827819824], "f": [2.397895272798371, 1.8091631321069044, 1.7432769649353488, 1.6269932293667324, 1.598647156277222, 1.501160545217382, 1.5000193704165796, 1.4436634056324629, 1.4432374941136619, 1.4298446229673112, 1.4298029547318039, 1.4234161134922176, 1.4234016669251335, 1.4232687940786497, 1.4232062265948298, 1.4231713275397146, 1.423163235451411, 1.422963642629846, 1.4229427029024677, 1.4229337181352433, 1.4229182496523318, 1.422918249146701, 1.4229077168005642, 1.4229077167442512, 1.422907665016085], "g_norm": [6.414807575757574, 2.589732889414382, 0.4287111068549769, 0.32980656177084433, 0.05615228295758106, 0.1536014529661306, 0.01863717706384016, 0.11340520528022038, 0.010683560158137997, 0.01930963302616514, 0.0017524117018272638, 0.02528045300798025, 0.0026207253630236758, 0.006265047910062328, 0.0024136827890128168, 0.003635817913388886, 0.0004976806471812882, 0.0028170944063061073, 0.0013826153429579303, 0.0002411026512885715, 0.00026917138350003947, 2.1998517950258633e-05, 9.900836964175501e-05, 8.2951697496704e-06, 5.328389013146677e-07], "alpha": [0, 1, 1, 1, 1, 1, 1, 1, 1, 1, 1, 1, 1, 1, 1, 1, 1, 1, 1, 1, 1, 1, 1, 1, 1], "acc": [0, 0.0, 0.0, 0.0, 0.0, 0.0, 0.0, 0.0, 0.0, 0.0, 0.0, 0.0, 0.0, 0.0, 0.0, 0.0, 0.0, 0.0, 0.0, 0.0, 0.0, 0.0, 0.0, 0.0, 0.0]}